timestamp,target_label,predicted_label,pred_confidence
2024-04-01 09:15:00,SELL,HOLD,0.597
2024-04-01 09:20:00,HOLD,HOLD,0.667
2024-04-01 09:25:00,HOLD,HOLD,0.631
2024-04-01 09:30:00,HOLD,HOLD,0.8
2024-04-01 09:35:00,HOLD,HOLD,0.555
2024-04-01 09:40:00,BUY,BUY,0.58
2024-04-01 09:45:00,BUY,BUY,0.494
2024-04-01 09:50:00,HOLD,HOLD,0.785
2024-04-01 09:55:00,HOLD,HOLD,0.96
2024-04-01 10:00:00,HOLD,BUY,0.788
2024-04-01 10:05:00,HOLD,HOLD,0.501
2024-04-01 10:10:00,SELL,SELL,0.551
2024-04-01 10:15:00,SELL,SELL,0.769
2024-04-01 10:20:00,SELL,SELL,0.735
2024-04-01 10:25:00,SELL,SELL,0.637
2024-04-01 10:30:00,SELL,SELL,0.421
2024-04-01 10:35:00,SELL,SELL,0.489
2024-04-01 10:40:00,SELL,SELL,0.555
2024-04-01 10:45:00,SELL,SELL,0.758
2024-04-01 10:50:00,SELL,SELL,0.838
2024-04-01 10:55:00,SELL,HOLD,0.875
2024-04-01 11:00:00,SELL,SELL,0.878
2024-04-01 11:05:00,SELL,SELL,0.547
2024-04-01 11:10:00,SELL,SELL,0.897
2024-04-01 11:15:00,SELL,SELL,0.532
2024-04-01 11:20:00,SELL,SELL,0.573
2024-04-01 11:25:00,SELL,SELL,0.561
2024-04-01 11:30:00,SELL,SELL,0.58
2024-04-01 11:35:00,SELL,BUY,0.644
2024-04-01 11:40:00,SELL,SELL,0.815
2024-04-01 11:45:00,HOLD,HOLD,0.517
2024-04-01 11:50:00,HOLD,SELL,0.541
2024-04-01 11:55:00,HOLD,HOLD,0.767
2024-04-01 12:00:00,BUY,BUY,0.666
2024-04-01 12:05:00,HOLD,BUY,0.979
2024-04-01 12:10:00,BUY,BUY,0.444
2024-04-01 12:15:00,HOLD,HOLD,0.471
2024-04-01 12:20:00,HOLD,HOLD,0.696
2024-04-01 12:25:00,BUY,BUY,0.499
2024-04-01 12:30:00,HOLD,BUY,0.836
2024-04-01 12:35:00,BUY,BUY,0.683
2024-04-01 12:40:00,BUY,BUY,0.713
2024-04-01 12:45:00,BUY,BUY,0.768
2024-04-01 12:50:00,BUY,BUY,0.808
2024-04-01 12:55:00,BUY,BUY,0.691
2024-04-01 13:00:00,BUY,BUY,0.575
2024-04-01 13:05:00,BUY,BUY,0.805
2024-04-01 13:10:00,BUY,HOLD,0.49
2024-04-01 13:15:00,BUY,BUY,0.604
2024-04-01 13:20:00,BUY,BUY,0.766
2024-04-01 13:25:00,BUY,BUY,0.632
2024-04-01 13:30:00,BUY,SELL,0.825
2024-04-01 13:35:00,BUY,BUY,0.849
2024-04-01 13:40:00,BUY,BUY,0.848
2024-04-01 13:45:00,BUY,BUY,0.762
2024-04-01 13:50:00,BUY,BUY,0.605
2024-04-01 13:55:00,BUY,BUY,0.672
2024-04-01 14:00:00,BUY,BUY,0.81
2024-04-01 14:05:00,HOLD,HOLD,0.936
2024-04-01 14:10:00,HOLD,SELL,0.905
2024-04-01 14:15:00,HOLD,HOLD,0.797
2024-04-01 14:20:00,BUY,BUY,0.832
2024-04-01 14:25:00,HOLD,HOLD,0.44
2024-04-01 14:30:00,BUY,BUY,0.649
2024-04-01 14:35:00,BUY,BUY,0.961
2024-04-01 14:40:00,HOLD,BUY,0.823
2024-04-01 14:45:00,HOLD,HOLD,0.819
2024-04-01 14:50:00,SELL,HOLD,0.917
2024-04-01 14:55:00,HOLD,HOLD,0.603
2024-04-01 15:00:00,BUY,BUY,0.44
2024-04-01 15:05:00,BUY,BUY,0.797
2024-04-01 15:10:00,BUY,BUY,0.66
2024-04-01 15:15:00,BUY,BUY,0.647
2024-04-01 15:20:00,BUY,BUY,0.475
2024-04-01 15:25:00,BUY,HOLD,0.541
2024-04-02 09:15:00,BUY,BUY,0.852
2024-04-02 09:20:00,BUY,BUY,0.96
2024-04-02 09:25:00,BUY,HOLD,0.446
2024-04-02 09:30:00,BUY,SELL,0.755
2024-04-02 09:35:00,HOLD,HOLD,0.577
2024-04-02 09:40:00,BUY,SELL,0.774
2024-04-02 09:45:00,HOLD,HOLD,0.544
2024-04-02 09:50:00,BUY,BUY,0.943
2024-04-02 09:55:00,BUY,BUY,0.627
2024-04-02 10:00:00,BUY,BUY,0.786
2024-04-02 10:05:00,BUY,BUY,0.66
2024-04-02 10:10:00,BUY,SELL,0.815
2024-04-02 10:15:00,BUY,BUY,0.807
2024-04-02 10:20:00,BUY,BUY,0.6
2024-04-02 10:25:00,BUY,BUY,0.428
2024-04-02 10:30:00,BUY,BUY,0.422
2024-04-02 10:35:00,BUY,BUY,0.575
2024-04-02 10:40:00,BUY,BUY,0.852
2024-04-02 10:45:00,SELL,SELL,0.725
2024-04-02 10:50:00,SELL,SELL,0.688
2024-04-02 10:55:00,SELL,SELL,0.445
2024-04-02 11:00:00,SELL,SELL,0.599
2024-04-02 11:05:00,HOLD,BUY,0.722
2024-04-02 11:10:00,HOLD,HOLD,0.82
2024-04-02 11:15:00,BUY,BUY,0.841
2024-04-02 11:20:00,BUY,BUY,0.629
2024-04-02 11:25:00,BUY,BUY,0.826
2024-04-02 11:30:00,BUY,BUY,0.438
2024-04-02 11:35:00,BUY,BUY,0.674
2024-04-02 11:40:00,BUY,HOLD,0.795
2024-04-02 11:45:00,BUY,BUY,0.901
2024-04-02 11:50:00,BUY,HOLD,0.96
2024-04-02 11:55:00,BUY,BUY,0.826
2024-04-02 12:00:00,BUY,BUY,0.821
2024-04-02 12:05:00,BUY,BUY,0.672
2024-04-02 12:10:00,BUY,BUY,0.683
2024-04-02 12:15:00,HOLD,HOLD,0.604
2024-04-02 12:20:00,BUY,BUY,0.944
2024-04-02 12:25:00,BUY,BUY,0.626
2024-04-02 12:30:00,BUY,BUY,0.561
2024-04-02 12:35:00,BUY,HOLD,0.885
2024-04-02 12:40:00,BUY,BUY,0.704
2024-04-02 12:45:00,BUY,BUY,0.668
2024-04-02 12:50:00,HOLD,HOLD,0.945
2024-04-02 12:55:00,HOLD,HOLD,0.458
2024-04-02 13:00:00,SELL,SELL,0.473
2024-04-02 13:05:00,SELL,SELL,0.736
2024-04-02 13:10:00,SELL,SELL,0.442
2024-04-02 13:15:00,HOLD,HOLD,0.926
2024-04-02 13:20:00,HOLD,HOLD,0.967
2024-04-02 13:25:00,HOLD,BUY,0.581
2024-04-02 13:30:00,BUY,BUY,0.914
2024-04-02 13:35:00,HOLD,HOLD,0.682
2024-04-02 13:40:00,BUY,BUY,0.734
2024-04-02 13:45:00,BUY,BUY,0.663
2024-04-02 13:50:00,BUY,BUY,0.932
2024-04-02 13:55:00,BUY,BUY,0.604
2024-04-02 14:00:00,BUY,BUY,0.945
2024-04-02 14:05:00,BUY,HOLD,0.611
2024-04-02 14:10:00,BUY,BUY,0.563
2024-04-02 14:15:00,BUY,BUY,0.987
2024-04-02 14:20:00,BUY,BUY,0.472
2024-04-02 14:25:00,HOLD,HOLD,0.5
2024-04-02 14:30:00,HOLD,SELL,0.765
2024-04-02 14:35:00,HOLD,HOLD,0.956
2024-04-02 14:40:00,HOLD,HOLD,0.907
2024-04-02 14:45:00,HOLD,HOLD,0.826
2024-04-02 14:50:00,BUY,BUY,0.429
2024-04-02 14:55:00,BUY,HOLD,0.457
2024-04-02 15:00:00,BUY,BUY,0.872
2024-04-02 15:05:00,BUY,BUY,0.872
2024-04-02 15:10:00,BUY,HOLD,0.979
2024-04-02 15:15:00,BUY,BUY,0.625
2024-04-02 15:20:00,HOLD,HOLD,0.735
2024-04-02 15:25:00,HOLD,BUY,0.577
2024-04-03 09:15:00,HOLD,HOLD,0.473
2024-04-03 09:20:00,SELL,SELL,0.814
2024-04-03 09:25:00,HOLD,SELL,0.816
2024-04-03 09:30:00,HOLD,HOLD,0.457
2024-04-03 09:35:00,HOLD,HOLD,0.747
2024-04-03 09:40:00,HOLD,HOLD,0.905
2024-04-03 09:45:00,BUY,BUY,0.855
2024-04-03 09:50:00,BUY,HOLD,0.594
2024-04-03 09:55:00,HOLD,HOLD,0.426
2024-04-03 10:00:00,HOLD,HOLD,0.555
2024-04-03 10:05:00,HOLD,BUY,0.5
2024-04-03 10:10:00,HOLD,HOLD,0.635
2024-04-03 10:15:00,SELL,HOLD,0.691
2024-04-03 10:20:00,HOLD,HOLD,0.689
2024-04-03 10:25:00,HOLD,HOLD,0.505
2024-04-03 10:30:00,HOLD,HOLD,0.611
2024-04-03 10:35:00,BUY,BUY,0.548
2024-04-03 10:40:00,HOLD,HOLD,0.905
2024-04-03 10:45:00,HOLD,HOLD,0.874
2024-04-03 10:50:00,SELL,SELL,0.955
2024-04-03 10:55:00,HOLD,HOLD,0.646
2024-04-03 11:00:00,HOLD,HOLD,0.879
2024-04-03 11:05:00,HOLD,HOLD,0.53
2024-04-03 11:10:00,HOLD,HOLD,0.621
2024-04-03 11:15:00,HOLD,HOLD,0.639
2024-04-03 11:20:00,BUY,BUY,0.589
2024-04-03 11:25:00,HOLD,HOLD,0.535
2024-04-03 11:30:00,HOLD,HOLD,0.943
2024-04-03 11:35:00,HOLD,HOLD,0.675
2024-04-03 11:40:00,HOLD,HOLD,0.826
2024-04-03 11:45:00,BUY,BUY,0.542
2024-04-03 11:50:00,BUY,HOLD,0.817
2024-04-03 11:55:00,BUY,BUY,0.816
2024-04-03 12:00:00,BUY,BUY,0.935
2024-04-03 12:05:00,HOLD,HOLD,0.574
2024-04-03 12:10:00,BUY,BUY,0.96
2024-04-03 12:15:00,BUY,SELL,0.905
2024-04-03 12:20:00,HOLD,HOLD,0.508
2024-04-03 12:25:00,HOLD,HOLD,0.65
2024-04-03 12:30:00,BUY,BUY,0.636
2024-04-03 12:35:00,BUY,BUY,0.989
2024-04-03 12:40:00,BUY,BUY,0.807
2024-04-03 12:45:00,BUY,BUY,0.502
2024-04-03 12:50:00,BUY,BUY,0.699
2024-04-03 12:55:00,BUY,BUY,0.855
2024-04-03 13:00:00,BUY,BUY,0.453
2024-04-03 13:05:00,BUY,BUY,0.84
2024-04-03 13:10:00,BUY,BUY,0.805
2024-04-03 13:15:00,BUY,BUY,0.85
2024-04-03 13:20:00,BUY,BUY,0.508
2024-04-03 13:25:00,BUY,BUY,0.961
2024-04-03 13:30:00,BUY,BUY,0.642
2024-04-03 13:35:00,BUY,HOLD,0.798
2024-04-03 13:40:00,HOLD,HOLD,0.559
2024-04-03 13:45:00,SELL,SELL,0.441
2024-04-03 13:50:00,SELL,SELL,0.452
2024-04-03 13:55:00,SELL,SELL,0.746
2024-04-03 14:00:00,SELL,SELL,0.933
2024-04-03 14:05:00,SELL,SELL,0.806
2024-04-03 14:10:00,SELL,SELL,0.449
2024-04-03 14:15:00,SELL,HOLD,0.431
2024-04-03 14:20:00,SELL,SELL,0.98
2024-04-03 14:25:00,SELL,SELL,0.661
2024-04-03 14:30:00,SELL,SELL,0.927
2024-04-03 14:35:00,SELL,HOLD,0.851
2024-04-03 14:40:00,SELL,HOLD,0.837
2024-04-03 14:45:00,SELL,SELL,0.897
2024-04-03 14:50:00,SELL,SELL,0.634
2024-04-03 14:55:00,SELL,SELL,0.595
2024-04-03 15:00:00,SELL,SELL,0.45
2024-04-03 15:05:00,SELL,SELL,0.979
2024-04-03 15:10:00,SELL,BUY,0.471
2024-04-03 15:15:00,SELL,SELL,0.915
2024-04-03 15:20:00,SELL,SELL,0.463
2024-04-03 15:25:00,SELL,SELL,0.766
2024-04-04 09:15:00,SELL,SELL,0.921
2024-04-04 09:20:00,SELL,SELL,0.746
2024-04-04 09:25:00,SELL,SELL,0.754
2024-04-04 09:30:00,HOLD,HOLD,0.719
2024-04-04 09:35:00,HOLD,HOLD,0.473
2024-04-04 09:40:00,HOLD,HOLD,0.969
2024-04-04 09:45:00,HOLD,HOLD,0.815
2024-04-04 09:50:00,HOLD,BUY,0.957
2024-04-04 09:55:00,HOLD,HOLD,0.908
2024-04-04 10:00:00,SELL,SELL,0.55
2024-04-04 10:05:00,SELL,SELL,0.857
2024-04-04 10:10:00,SELL,SELL,0.729
2024-04-04 10:15:00,SELL,SELL,0.54
2024-04-04 10:20:00,SELL,BUY,0.749
2024-04-04 10:25:00,HOLD,HOLD,0.975
2024-04-04 10:30:00,HOLD,HOLD,0.439
2024-04-04 10:35:00,SELL,SELL,0.799
2024-04-04 10:40:00,SELL,SELL,0.657
2024-04-04 10:45:00,SELL,SELL,0.703
2024-04-04 10:50:00,SELL,SELL,0.811
2024-04-04 10:55:00,SELL,SELL,0.533
2024-04-04 11:00:00,SELL,SELL,0.447
2024-04-04 11:05:00,SELL,SELL,0.505
2024-04-04 11:10:00,SELL,SELL,0.643
2024-04-04 11:15:00,SELL,SELL,0.791
2024-04-04 11:20:00,SELL,SELL,0.696
2024-04-04 11:25:00,SELL,SELL,0.872
2024-04-04 11:30:00,SELL,SELL,0.573
2024-04-04 11:35:00,SELL,SELL,0.486
2024-04-04 11:40:00,SELL,SELL,0.756
2024-04-04 11:45:00,HOLD,HOLD,0.827
2024-04-04 11:50:00,HOLD,HOLD,0.695
2024-04-04 11:55:00,HOLD,BUY,0.452
2024-04-04 12:00:00,SELL,SELL,0.672
2024-04-04 12:05:00,HOLD,HOLD,0.817
2024-04-04 12:10:00,SELL,SELL,0.626
2024-04-04 12:15:00,SELL,BUY,0.898
2024-04-04 12:20:00,SELL,SELL,0.553
2024-04-04 12:25:00,SELL,SELL,0.803
2024-04-04 12:30:00,SELL,SELL,0.647
2024-04-04 12:35:00,SELL,SELL,0.481
2024-04-04 12:40:00,SELL,SELL,0.569
2024-04-04 12:45:00,SELL,SELL,0.497
2024-04-04 12:50:00,HOLD,HOLD,0.732
2024-04-04 12:55:00,HOLD,HOLD,0.903
2024-04-04 13:00:00,HOLD,HOLD,0.849
2024-04-04 13:05:00,HOLD,HOLD,0.781
2024-04-04 13:10:00,SELL,SELL,0.445
2024-04-04 13:15:00,SELL,SELL,0.769
2024-04-04 13:20:00,SELL,SELL,0.862
2024-04-04 13:25:00,SELL,SELL,0.601
2024-04-04 13:30:00,SELL,BUY,0.686
2024-04-04 13:35:00,SELL,SELL,0.674
2024-04-04 13:40:00,SELL,SELL,0.7
2024-04-04 13:45:00,SELL,SELL,0.472
2024-04-04 13:50:00,SELL,SELL,0.713
2024-04-04 13:55:00,HOLD,HOLD,0.573
2024-04-04 14:00:00,HOLD,HOLD,0.731
2024-04-04 14:05:00,HOLD,HOLD,0.461
2024-04-04 14:10:00,SELL,SELL,0.594
2024-04-04 14:15:00,SELL,SELL,0.481
2024-04-04 14:20:00,SELL,SELL,0.851
2024-04-04 14:25:00,SELL,SELL,0.954
2024-04-04 14:30:00,HOLD,HOLD,0.828
2024-04-04 14:35:00,HOLD,HOLD,0.643
2024-04-04 14:40:00,BUY,BUY,0.668
2024-04-04 14:45:00,HOLD,HOLD,0.764
2024-04-04 14:50:00,SELL,BUY,0.539
2024-04-04 14:55:00,SELL,SELL,0.432
2024-04-04 15:00:00,SELL,SELL,0.907
2024-04-04 15:05:00,HOLD,HOLD,0.694
2024-04-04 15:10:00,HOLD,HOLD,0.829
2024-04-04 15:15:00,SELL,SELL,0.68
2024-04-04 15:20:00,SELL,SELL,0.57
2024-04-04 15:25:00,HOLD,HOLD,0.439
2024-04-05 09:15:00,SELL,SELL,0.763
2024-04-05 09:20:00,SELL,BUY,0.723
2024-04-05 09:25:00,SELL,BUY,0.425
2024-04-05 09:30:00,SELL,SELL,0.5
2024-04-05 09:35:00,SELL,SELL,0.955
2024-04-05 09:40:00,SELL,SELL,0.828
2024-04-05 09:45:00,SELL,SELL,0.546
2024-04-05 09:50:00,SELL,BUY,0.633
2024-04-05 09:55:00,SELL,SELL,0.798
2024-04-05 10:00:00,SELL,SELL,0.898
2024-04-05 10:05:00,SELL,SELL,0.49
2024-04-05 10:10:00,SELL,SELL,0.795
2024-04-05 10:15:00,SELL,SELL,0.746
2024-04-05 10:20:00,SELL,SELL,0.823
2024-04-05 10:25:00,SELL,BUY,0.476
2024-04-05 10:30:00,SELL,SELL,0.634
2024-04-05 10:35:00,SELL,HOLD,0.79
2024-04-05 10:40:00,SELL,SELL,0.578
2024-04-05 10:45:00,SELL,SELL,0.735
2024-04-05 10:50:00,SELL,SELL,0.662
2024-04-05 10:55:00,SELL,HOLD,0.73
2024-04-05 11:00:00,SELL,SELL,0.899
2024-04-05 11:05:00,SELL,SELL,0.849
2024-04-05 11:10:00,SELL,SELL,0.477
2024-04-05 11:15:00,SELL,SELL,0.8
2024-04-05 11:20:00,SELL,HOLD,0.446
2024-04-05 11:25:00,SELL,SELL,0.607
2024-04-05 11:30:00,SELL,SELL,0.835
2024-04-05 11:35:00,SELL,HOLD,0.861
2024-04-05 11:40:00,SELL,SELL,0.983
2024-04-05 11:45:00,SELL,SELL,0.574
2024-04-05 11:50:00,SELL,HOLD,0.718
2024-04-05 11:55:00,SELL,HOLD,0.791
2024-04-05 12:00:00,SELL,SELL,0.869
2024-04-05 12:05:00,HOLD,BUY,0.92
2024-04-05 12:10:00,HOLD,BUY,0.602
2024-04-05 12:15:00,BUY,BUY,0.512
2024-04-05 12:20:00,BUY,SELL,0.557
2024-04-05 12:25:00,HOLD,HOLD,0.854
2024-04-05 12:30:00,SELL,SELL,0.458
2024-04-05 12:35:00,SELL,SELL,0.559
2024-04-05 12:40:00,HOLD,HOLD,0.897
2024-04-05 12:45:00,SELL,SELL,0.966
2024-04-05 12:50:00,SELL,SELL,0.673
2024-04-05 12:55:00,SELL,HOLD,0.861
2024-04-05 13:00:00,SELL,SELL,0.641
2024-04-05 13:05:00,SELL,SELL,0.574
2024-04-05 13:10:00,SELL,SELL,0.743
2024-04-05 13:15:00,SELL,SELL,0.487
2024-04-05 13:20:00,SELL,SELL,0.687
2024-04-05 13:25:00,SELL,SELL,0.798
2024-04-05 13:30:00,SELL,SELL,0.965
2024-04-05 13:35:00,SELL,SELL,0.925
2024-04-05 13:40:00,SELL,BUY,0.542
2024-04-05 13:45:00,SELL,SELL,0.663
2024-04-05 13:50:00,HOLD,HOLD,0.451
2024-04-05 13:55:00,HOLD,HOLD,0.45
2024-04-05 14:00:00,HOLD,HOLD,0.985
2024-04-05 14:05:00,HOLD,HOLD,0.521
2024-04-05 14:10:00,HOLD,SELL,0.622
2024-04-05 14:15:00,SELL,SELL,0.832
2024-04-05 14:20:00,SELL,SELL,0.545
2024-04-05 14:25:00,SELL,SELL,0.656
2024-04-05 14:30:00,SELL,SELL,0.485
2024-04-05 14:35:00,SELL,SELL,0.874
2024-04-05 14:40:00,SELL,SELL,0.614
2024-04-05 14:45:00,SELL,HOLD,0.515
2024-04-05 14:50:00,SELL,SELL,0.59
2024-04-05 14:55:00,SELL,SELL,0.753
2024-04-05 15:00:00,SELL,SELL,0.67
2024-04-05 15:05:00,SELL,SELL,0.59
2024-04-05 15:10:00,HOLD,HOLD,0.587
2024-04-05 15:15:00,HOLD,HOLD,0.618
2024-04-05 15:20:00,HOLD,BUY,0.687
2024-04-05 15:25:00,SELL,SELL,0.625
2024-04-08 09:15:00,SELL,SELL,0.806
2024-04-08 09:20:00,SELL,SELL,0.616
2024-04-08 09:25:00,SELL,SELL,0.474
2024-04-08 09:30:00,SELL,BUY,0.458
2024-04-08 09:35:00,SELL,SELL,0.625
2024-04-08 09:40:00,HOLD,BUY,0.975
2024-04-08 09:45:00,HOLD,HOLD,0.662
2024-04-08 09:50:00,HOLD,HOLD,0.643
2024-04-08 09:55:00,BUY,BUY,0.441
2024-04-08 10:00:00,HOLD,HOLD,0.7
2024-04-08 10:05:00,HOLD,BUY,0.435
2024-04-08 10:10:00,SELL,SELL,0.551
2024-04-08 10:15:00,SELL,SELL,0.532
2024-04-08 10:20:00,SELL,SELL,0.612
2024-04-08 10:25:00,SELL,SELL,0.509
2024-04-08 10:30:00,SELL,SELL,0.526
2024-04-08 10:35:00,SELL,SELL,0.424
2024-04-08 10:40:00,SELL,SELL,0.692
2024-04-08 10:45:00,SELL,SELL,0.57
2024-04-08 10:50:00,SELL,HOLD,0.895
2024-04-08 10:55:00,SELL,SELL,0.861
2024-04-08 11:00:00,SELL,SELL,0.681
2024-04-08 11:05:00,SELL,SELL,0.932
2024-04-08 11:10:00,HOLD,HOLD,0.605
2024-04-08 11:15:00,HOLD,HOLD,0.455
2024-04-08 11:20:00,SELL,SELL,0.906
2024-04-08 11:25:00,HOLD,HOLD,0.965
2024-04-08 11:30:00,HOLD,HOLD,0.443
2024-04-08 11:35:00,SELL,SELL,0.643
2024-04-08 11:40:00,SELL,SELL,0.434
2024-04-08 11:45:00,HOLD,HOLD,0.793
2024-04-08 11:50:00,BUY,BUY,0.888
2024-04-08 11:55:00,HOLD,HOLD,0.472
2024-04-08 12:00:00,HOLD,HOLD,0.834
2024-04-08 12:05:00,BUY,BUY,0.723
2024-04-08 12:10:00,BUY,BUY,0.512
2024-04-08 12:15:00,BUY,BUY,0.56
2024-04-08 12:20:00,BUY,BUY,0.541
2024-04-08 12:25:00,BUY,HOLD,0.537
2024-04-08 12:30:00,BUY,BUY,0.727
2024-04-08 12:35:00,BUY,BUY,0.453
2024-04-08 12:40:00,HOLD,HOLD,0.937
2024-04-08 12:45:00,HOLD,HOLD,0.633
2024-04-08 12:50:00,SELL,SELL,0.65
2024-04-08 12:55:00,HOLD,HOLD,0.841
2024-04-08 13:00:00,HOLD,HOLD,0.462
2024-04-08 13:05:00,HOLD,HOLD,0.539
2024-04-08 13:10:00,HOLD,HOLD,0.809
2024-04-08 13:15:00,SELL,HOLD,0.796
2024-04-08 13:20:00,HOLD,HOLD,0.693
2024-04-08 13:25:00,SELL,BUY,0.832
2024-04-08 13:30:00,SELL,SELL,0.777
2024-04-08 13:35:00,SELL,SELL,0.821
2024-04-08 13:40:00,SELL,SELL,0.897
2024-04-08 13:45:00,SELL,SELL,0.829
2024-04-08 13:50:00,SELL,BUY,0.907
2024-04-08 13:55:00,SELL,HOLD,0.668
2024-04-08 14:00:00,SELL,SELL,0.887
2024-04-08 14:05:00,SELL,SELL,0.84
2024-04-08 14:10:00,SELL,SELL,0.426
2024-04-08 14:15:00,SELL,SELL,0.719
2024-04-08 14:20:00,HOLD,HOLD,0.936
2024-04-08 14:25:00,SELL,SELL,0.673
2024-04-08 14:30:00,HOLD,HOLD,0.629
2024-04-08 14:35:00,HOLD,HOLD,0.626
2024-04-08 14:40:00,BUY,BUY,0.886
2024-04-08 14:45:00,BUY,BUY,0.621
2024-04-08 14:50:00,HOLD,HOLD,0.539
2024-04-08 14:55:00,BUY,BUY,0.812
2024-04-08 15:00:00,HOLD,HOLD,0.982
2024-04-08 15:05:00,BUY,BUY,0.77
2024-04-08 15:10:00,BUY,BUY,0.438
2024-04-08 15:15:00,HOLD,HOLD,0.478
2024-04-08 15:20:00,HOLD,HOLD,0.594
2024-04-08 15:25:00,HOLD,HOLD,0.835
2024-04-09 09:15:00,BUY,BUY,0.936
2024-04-09 09:20:00,HOLD,HOLD,0.855
2024-04-09 09:25:00,HOLD,HOLD,0.481
2024-04-09 09:30:00,HOLD,HOLD,0.808
2024-04-09 09:35:00,HOLD,SELL,0.865
2024-04-09 09:40:00,HOLD,HOLD,0.681
2024-04-09 09:45:00,SELL,SELL,0.545
2024-04-09 09:50:00,SELL,SELL,0.718
2024-04-09 09:55:00,HOLD,HOLD,0.675
2024-04-09 10:00:00,HOLD,BUY,0.619
2024-04-09 10:05:00,SELL,HOLD,0.429
2024-04-09 10:10:00,SELL,SELL,0.57
2024-04-09 10:15:00,SELL,SELL,0.845
2024-04-09 10:20:00,HOLD,SELL,0.601
2024-04-09 10:25:00,SELL,SELL,0.795
2024-04-09 10:30:00,SELL,SELL,0.658
2024-04-09 10:35:00,HOLD,HOLD,0.546
2024-04-09 10:40:00,HOLD,SELL,0.842
2024-04-09 10:45:00,HOLD,HOLD,0.946
2024-04-09 10:50:00,HOLD,HOLD,0.832
2024-04-09 10:55:00,HOLD,HOLD,0.844
2024-04-09 11:00:00,SELL,HOLD,0.649
2024-04-09 11:05:00,HOLD,BUY,0.916
2024-04-09 11:10:00,HOLD,HOLD,0.979
2024-04-09 11:15:00,HOLD,HOLD,0.76
2024-04-09 11:20:00,HOLD,SELL,0.835
2024-04-09 11:25:00,BUY,BUY,0.481
2024-04-09 11:30:00,BUY,BUY,0.455
2024-04-09 11:35:00,BUY,BUY,0.799
2024-04-09 11:40:00,BUY,BUY,0.623
2024-04-09 11:45:00,BUY,BUY,0.585
2024-04-09 11:50:00,HOLD,BUY,0.762
2024-04-09 11:55:00,HOLD,HOLD,0.442
2024-04-09 12:00:00,HOLD,HOLD,0.742
2024-04-09 12:05:00,HOLD,HOLD,0.817
2024-04-09 12:10:00,HOLD,HOLD,0.841
2024-04-09 12:15:00,HOLD,HOLD,0.432
2024-04-09 12:20:00,HOLD,HOLD,0.459
2024-04-09 12:25:00,BUY,BUY,0.874
2024-04-09 12:30:00,HOLD,HOLD,0.921
2024-04-09 12:35:00,HOLD,HOLD,0.927
2024-04-09 12:40:00,HOLD,HOLD,0.731
2024-04-09 12:45:00,BUY,SELL,0.609
2024-04-09 12:50:00,HOLD,BUY,0.887
2024-04-09 12:55:00,HOLD,HOLD,0.629
2024-04-09 13:00:00,HOLD,SELL,0.956
2024-04-09 13:05:00,HOLD,HOLD,0.71
2024-04-09 13:10:00,BUY,SELL,0.429
2024-04-09 13:15:00,HOLD,HOLD,0.433
2024-04-09 13:20:00,BUY,BUY,0.932
2024-04-09 13:25:00,HOLD,HOLD,0.601
2024-04-09 13:30:00,HOLD,HOLD,0.527
2024-04-09 13:35:00,BUY,BUY,0.457
2024-04-09 13:40:00,HOLD,HOLD,0.609
2024-04-09 13:45:00,HOLD,HOLD,0.958
2024-04-09 13:50:00,HOLD,HOLD,0.424
2024-04-09 13:55:00,HOLD,BUY,0.874
2024-04-09 14:00:00,HOLD,HOLD,0.639
2024-04-09 14:05:00,BUY,BUY,0.863
2024-04-09 14:10:00,BUY,HOLD,0.902
2024-04-09 14:15:00,BUY,BUY,0.937
2024-04-09 14:20:00,BUY,BUY,0.528
2024-04-09 14:25:00,BUY,BUY,0.828
2024-04-09 14:30:00,BUY,HOLD,0.504
2024-04-09 14:35:00,BUY,BUY,0.542
2024-04-09 14:40:00,BUY,BUY,0.544
2024-04-09 14:45:00,HOLD,HOLD,0.975
2024-04-09 14:50:00,HOLD,HOLD,0.93
2024-04-09 14:55:00,HOLD,HOLD,0.847
2024-04-09 15:00:00,HOLD,HOLD,0.533
2024-04-09 15:05:00,BUY,HOLD,0.491
2024-04-09 15:10:00,BUY,BUY,0.852
2024-04-09 15:15:00,BUY,HOLD,0.727
2024-04-09 15:20:00,BUY,HOLD,0.892
2024-04-09 15:25:00,HOLD,HOLD,0.813
2024-04-10 09:15:00,HOLD,HOLD,0.62
2024-04-10 09:20:00,HOLD,HOLD,0.728
2024-04-10 09:25:00,HOLD,HOLD,0.879
2024-04-10 09:30:00,HOLD,HOLD,0.681
2024-04-10 09:35:00,HOLD,HOLD,0.438
2024-04-10 09:40:00,HOLD,HOLD,0.662
2024-04-10 09:45:00,HOLD,SELL,0.842
2024-04-10 09:50:00,HOLD,HOLD,0.751
2024-04-10 09:55:00,SELL,SELL,0.89
2024-04-10 10:00:00,SELL,HOLD,0.839
2024-04-10 10:05:00,SELL,SELL,0.766
2024-04-10 10:10:00,HOLD,SELL,0.834
2024-04-10 10:15:00,HOLD,HOLD,0.556
2024-04-10 10:20:00,HOLD,HOLD,0.52
2024-04-10 10:25:00,HOLD,BUY,0.488
2024-04-10 10:30:00,HOLD,HOLD,0.664
2024-04-10 10:35:00,HOLD,HOLD,0.66
2024-04-10 10:40:00,HOLD,HOLD,0.571
2024-04-10 10:45:00,HOLD,HOLD,0.876
2024-04-10 10:50:00,HOLD,HOLD,0.544
2024-04-10 10:55:00,HOLD,BUY,0.45
2024-04-10 11:00:00,HOLD,HOLD,0.678
2024-04-10 11:05:00,HOLD,SELL,0.631
2024-04-10 11:10:00,BUY,SELL,0.435
2024-04-10 11:15:00,HOLD,HOLD,0.677
2024-04-10 11:20:00,BUY,BUY,0.681
2024-04-10 11:25:00,BUY,BUY,0.929
2024-04-10 11:30:00,BUY,BUY,0.789
2024-04-10 11:35:00,BUY,BUY,0.558
2024-04-10 11:40:00,BUY,BUY,0.966
2024-04-10 11:45:00,BUY,BUY,0.902
2024-04-10 11:50:00,BUY,BUY,0.931
2024-04-10 11:55:00,BUY,BUY,0.641
2024-04-10 12:00:00,BUY,BUY,0.551
2024-04-10 12:05:00,HOLD,HOLD,0.912
2024-04-10 12:10:00,BUY,BUY,0.881
2024-04-10 12:15:00,BUY,BUY,0.794
2024-04-10 12:20:00,BUY,BUY,0.472
2024-04-10 12:25:00,BUY,SELL,0.657
2024-04-10 12:30:00,BUY,BUY,0.487
2024-04-10 12:35:00,BUY,BUY,0.961
2024-04-10 12:40:00,BUY,BUY,0.566
2024-04-10 12:45:00,HOLD,BUY,0.916
2024-04-10 12:50:00,HOLD,BUY,0.846
2024-04-10 12:55:00,SELL,SELL,0.731
2024-04-10 13:00:00,SELL,SELL,0.832
2024-04-10 13:05:00,SELL,SELL,0.582
2024-04-10 13:10:00,SELL,SELL,0.45
2024-04-10 13:15:00,HOLD,HOLD,0.889
2024-04-10 13:20:00,HOLD,BUY,0.655
2024-04-10 13:25:00,BUY,BUY,0.442
2024-04-10 13:30:00,BUY,BUY,0.658
2024-04-10 13:35:00,BUY,BUY,0.819
2024-04-10 13:40:00,BUY,HOLD,0.865
2024-04-10 13:45:00,BUY,BUY,0.874
2024-04-10 13:50:00,BUY,HOLD,0.531
2024-04-10 13:55:00,BUY,BUY,0.431
2024-04-10 14:00:00,HOLD,HOLD,0.938
2024-04-10 14:05:00,HOLD,HOLD,0.695
2024-04-10 14:10:00,BUY,BUY,0.553
2024-04-10 14:15:00,BUY,HOLD,0.491
2024-04-10 14:20:00,BUY,BUY,0.901
2024-04-10 14:25:00,BUY,HOLD,0.47
2024-04-10 14:30:00,BUY,BUY,0.892
2024-04-10 14:35:00,BUY,BUY,0.817
2024-04-10 14:40:00,BUY,HOLD,0.535
2024-04-10 14:45:00,BUY,BUY,0.927
2024-04-10 14:50:00,BUY,SELL,0.941
2024-04-10 14:55:00,BUY,HOLD,0.473
2024-04-10 15:00:00,HOLD,HOLD,0.7
2024-04-10 15:05:00,HOLD,HOLD,0.707
2024-04-10 15:10:00,HOLD,HOLD,0.657
2024-04-10 15:15:00,HOLD,HOLD,0.968
2024-04-10 15:20:00,SELL,SELL,0.673
2024-04-10 15:25:00,SELL,HOLD,0.809
2024-04-11 09:15:00,HOLD,HOLD,0.94
2024-04-11 09:20:00,SELL,SELL,0.925
2024-04-11 09:25:00,SELL,SELL,0.761
2024-04-11 09:30:00,SELL,SELL,0.961
2024-04-11 09:35:00,SELL,SELL,0.675
2024-04-11 09:40:00,SELL,SELL,0.845
2024-04-11 09:45:00,SELL,SELL,0.458
2024-04-11 09:50:00,SELL,SELL,0.644
2024-04-11 09:55:00,BUY,BUY,0.604
2024-04-11 10:00:00,HOLD,BUY,0.75
2024-04-11 10:05:00,SELL,SELL,0.455
2024-04-11 10:10:00,SELL,SELL,0.491
2024-04-11 10:15:00,HOLD,HOLD,0.725
2024-04-11 10:20:00,HOLD,HOLD,0.971
2024-04-11 10:25:00,BUY,BUY,0.948
2024-04-11 10:30:00,BUY,HOLD,0.731
2024-04-11 10:35:00,BUY,HOLD,0.54
2024-04-11 10:40:00,BUY,BUY,0.829
2024-04-11 10:45:00,BUY,BUY,0.588
2024-04-11 10:50:00,BUY,BUY,0.545
2024-04-11 10:55:00,BUY,HOLD,0.702
2024-04-11 11:00:00,BUY,BUY,0.459
2024-04-11 11:05:00,BUY,BUY,0.489
2024-04-11 11:10:00,BUY,SELL,0.866
2024-04-11 11:15:00,BUY,BUY,0.587
2024-04-11 11:20:00,BUY,BUY,0.482
2024-04-11 11:25:00,BUY,BUY,0.7
2024-04-11 11:30:00,BUY,BUY,0.536
2024-04-11 11:35:00,BUY,BUY,0.986
2024-04-11 11:40:00,BUY,SELL,0.699
2024-04-11 11:45:00,HOLD,BUY,0.802
2024-04-11 11:50:00,HOLD,HOLD,0.929
2024-04-11 11:55:00,BUY,BUY,0.696
2024-04-11 12:00:00,SELL,SELL,0.82
2024-04-11 12:05:00,SELL,SELL,0.673
2024-04-11 12:10:00,HOLD,SELL,0.897
2024-04-11 12:15:00,SELL,SELL,0.704
2024-04-11 12:20:00,SELL,HOLD,0.671
2024-04-11 12:25:00,SELL,SELL,0.942
2024-04-11 12:30:00,SELL,SELL,0.673
2024-04-11 12:35:00,HOLD,HOLD,0.602
2024-04-11 12:40:00,SELL,SELL,0.919
2024-04-11 12:45:00,HOLD,BUY,0.757
2024-04-11 12:50:00,BUY,HOLD,0.798
2024-04-11 12:55:00,BUY,BUY,0.691
2024-04-11 13:00:00,HOLD,HOLD,0.687
2024-04-11 13:05:00,SELL,SELL,0.904
2024-04-11 13:10:00,HOLD,HOLD,0.472
2024-04-11 13:15:00,SELL,HOLD,0.96
2024-04-11 13:20:00,SELL,SELL,0.765
2024-04-11 13:25:00,SELL,HOLD,0.842
2024-04-11 13:30:00,SELL,SELL,0.989
2024-04-11 13:35:00,SELL,SELL,0.852
2024-04-11 13:40:00,SELL,BUY,0.437
2024-04-11 13:45:00,HOLD,HOLD,0.883
2024-04-11 13:50:00,SELL,SELL,0.869
2024-04-11 13:55:00,SELL,SELL,0.957
2024-04-11 14:00:00,HOLD,HOLD,0.569
2024-04-11 14:05:00,BUY,BUY,0.887
2024-04-11 14:10:00,BUY,BUY,0.858
2024-04-11 14:15:00,BUY,BUY,0.768
2024-04-11 14:20:00,BUY,SELL,0.863
2024-04-11 14:25:00,BUY,BUY,0.562
2024-04-11 14:30:00,BUY,BUY,0.678
2024-04-11 14:35:00,HOLD,BUY,0.745
2024-04-11 14:40:00,HOLD,BUY,0.953
2024-04-11 14:45:00,HOLD,HOLD,0.829
2024-04-11 14:50:00,SELL,SELL,0.453
2024-04-11 14:55:00,SELL,BUY,0.896
2024-04-11 15:00:00,SELL,SELL,0.845
2024-04-11 15:05:00,SELL,SELL,0.888
2024-04-11 15:10:00,SELL,SELL,0.872
2024-04-11 15:15:00,SELL,SELL,0.811
2024-04-11 15:20:00,SELL,SELL,0.747
2024-04-11 15:25:00,SELL,BUY,0.499
2024-04-12 09:15:00,SELL,BUY,0.723
2024-04-12 09:20:00,SELL,SELL,0.907
2024-04-12 09:25:00,SELL,SELL,0.968
2024-04-12 09:30:00,SELL,SELL,0.527
2024-04-12 09:35:00,SELL,SELL,0.814
2024-04-12 09:40:00,SELL,SELL,0.6
2024-04-12 09:45:00,SELL,SELL,0.76
2024-04-12 09:50:00,SELL,SELL,0.611
2024-04-12 09:55:00,SELL,SELL,0.538
2024-04-12 10:00:00,SELL,SELL,0.76
2024-04-12 10:05:00,SELL,SELL,0.626
2024-04-12 10:10:00,SELL,SELL,0.659
2024-04-12 10:15:00,SELL,SELL,0.921
2024-04-12 10:20:00,SELL,HOLD,0.788
2024-04-12 10:25:00,SELL,SELL,0.561
2024-04-12 10:30:00,SELL,SELL,0.575
2024-04-12 10:35:00,SELL,SELL,0.726
2024-04-12 10:40:00,HOLD,HOLD,0.464
2024-04-12 10:45:00,BUY,BUY,0.891
2024-04-12 10:50:00,BUY,BUY,0.84
2024-04-12 10:55:00,HOLD,HOLD,0.463
2024-04-12 11:00:00,HOLD,HOLD,0.468
2024-04-12 11:05:00,BUY,BUY,0.455
2024-04-12 11:10:00,HOLD,BUY,0.696
2024-04-12 11:15:00,SELL,HOLD,0.56
2024-04-12 11:20:00,HOLD,HOLD,0.69
2024-04-12 11:25:00,BUY,BUY,0.711
2024-04-12 11:30:00,BUY,BUY,0.896
2024-04-12 11:35:00,BUY,BUY,0.72
2024-04-12 11:40:00,HOLD,HOLD,0.443
2024-04-12 11:45:00,HOLD,HOLD,0.585
2024-04-12 11:50:00,SELL,SELL,0.88
2024-04-12 11:55:00,SELL,SELL,0.864
2024-04-12 12:00:00,SELL,SELL,0.878
2024-04-12 12:05:00,SELL,HOLD,0.828
2024-04-12 12:10:00,SELL,SELL,0.536
2024-04-12 12:15:00,SELL,SELL,0.565
2024-04-12 12:20:00,SELL,SELL,0.616
2024-04-12 12:25:00,SELL,SELL,0.555
2024-04-12 12:30:00,SELL,SELL,0.747
2024-04-12 12:35:00,SELL,SELL,0.578
2024-04-12 12:40:00,SELL,BUY,0.843
2024-04-12 12:45:00,SELL,SELL,0.445
2024-04-12 12:50:00,SELL,SELL,0.804
2024-04-12 12:55:00,SELL,SELL,0.558
2024-04-12 13:00:00,HOLD,HOLD,0.892
2024-04-12 13:05:00,HOLD,BUY,0.929
2024-04-12 13:10:00,HOLD,HOLD,0.737
2024-04-12 13:15:00,SELL,BUY,0.44
2024-04-12 13:20:00,SELL,SELL,0.456
2024-04-12 13:25:00,SELL,SELL,0.845
2024-04-12 13:30:00,SELL,SELL,0.563
2024-04-12 13:35:00,SELL,SELL,0.721
2024-04-12 13:40:00,SELL,SELL,0.885
2024-04-12 13:45:00,SELL,SELL,0.883
2024-04-12 13:50:00,SELL,SELL,0.986
2024-04-12 13:55:00,SELL,SELL,0.778
2024-04-12 14:00:00,SELL,SELL,0.624
2024-04-12 14:05:00,SELL,SELL,0.72
2024-04-12 14:10:00,SELL,SELL,0.688
2024-04-12 14:15:00,SELL,SELL,0.638
2024-04-12 14:20:00,SELL,SELL,0.99
2024-04-12 14:25:00,SELL,SELL,0.923
2024-04-12 14:30:00,SELL,SELL,0.639
2024-04-12 14:35:00,SELL,BUY,0.964
2024-04-12 14:40:00,HOLD,HOLD,0.981
2024-04-12 14:45:00,BUY,BUY,0.689
2024-04-12 14:50:00,BUY,BUY,0.76
2024-04-12 14:55:00,BUY,BUY,0.694
2024-04-12 15:00:00,BUY,BUY,0.732
2024-04-12 15:05:00,HOLD,HOLD,0.866
2024-04-12 15:10:00,SELL,SELL,0.839
2024-04-12 15:15:00,SELL,SELL,0.46
2024-04-12 15:20:00,SELL,SELL,0.422
2024-04-12 15:25:00,SELL,SELL,0.766
2024-04-15 09:15:00,SELL,SELL,0.586
2024-04-15 09:20:00,SELL,SELL,0.866
2024-04-15 09:25:00,SELL,SELL,0.437
2024-04-15 09:30:00,SELL,SELL,0.568
2024-04-15 09:35:00,SELL,SELL,0.753
2024-04-15 09:40:00,SELL,SELL,0.85
2024-04-15 09:45:00,HOLD,HOLD,0.639
2024-04-15 09:50:00,HOLD,BUY,0.715
2024-04-15 09:55:00,SELL,HOLD,0.628
2024-04-15 10:00:00,SELL,SELL,0.589
2024-04-15 10:05:00,SELL,SELL,0.633
2024-04-15 10:10:00,SELL,SELL,0.82
2024-04-15 10:15:00,HOLD,HOLD,0.77
2024-04-15 10:20:00,HOLD,HOLD,0.474
2024-04-15 10:25:00,HOLD,HOLD,0.763
2024-04-15 10:30:00,SELL,SELL,0.912
2024-04-15 10:35:00,HOLD,HOLD,0.646
2024-04-15 10:40:00,SELL,BUY,0.889
2024-04-15 10:45:00,SELL,SELL,0.839
2024-04-15 10:50:00,SELL,HOLD,0.698
2024-04-15 10:55:00,SELL,SELL,0.468
2024-04-15 11:00:00,SELL,SELL,0.733
2024-04-15 11:05:00,SELL,SELL,0.589
2024-04-15 11:10:00,SELL,SELL,0.979
2024-04-15 11:15:00,HOLD,HOLD,0.904
2024-04-15 11:20:00,HOLD,HOLD,0.732
2024-04-15 11:25:00,SELL,HOLD,0.817
2024-04-15 11:30:00,SELL,SELL,0.869
2024-04-15 11:35:00,SELL,SELL,0.952
2024-04-15 11:40:00,SELL,HOLD,0.805
2024-04-15 11:45:00,SELL,SELL,0.659
2024-04-15 11:50:00,SELL,HOLD,0.517
2024-04-15 11:55:00,SELL,SELL,0.883
2024-04-15 12:00:00,SELL,SELL,0.478
2024-04-15 12:05:00,SELL,SELL,0.444
2024-04-15 12:10:00,SELL,SELL,0.867
2024-04-15 12:15:00,SELL,SELL,0.839
2024-04-15 12:20:00,SELL,SELL,0.644
2024-04-15 12:25:00,SELL,SELL,0.9
2024-04-15 12:30:00,SELL,SELL,0.932
2024-04-15 12:35:00,SELL,SELL,0.653
2024-04-15 12:40:00,SELL,SELL,0.439
2024-04-15 12:45:00,SELL,SELL,0.501
2024-04-15 12:50:00,SELL,SELL,0.667
2024-04-15 12:55:00,SELL,SELL,0.562
2024-04-15 13:00:00,SELL,HOLD,0.484
2024-04-15 13:05:00,SELL,SELL,0.644
2024-04-15 13:10:00,SELL,SELL,0.677
2024-04-15 13:15:00,SELL,SELL,0.809
2024-04-15 13:20:00,HOLD,HOLD,0.884
2024-04-15 13:25:00,HOLD,BUY,0.754
2024-04-15 13:30:00,BUY,BUY,0.985
2024-04-15 13:35:00,BUY,BUY,0.552
2024-04-15 13:40:00,BUY,BUY,0.71
2024-04-15 13:45:00,HOLD,HOLD,0.61
2024-04-15 13:50:00,HOLD,SELL,0.638
2024-04-15 13:55:00,SELL,BUY,0.474
2024-04-15 14:00:00,SELL,SELL,0.734
2024-04-15 14:05:00,SELL,SELL,0.784
2024-04-15 14:10:00,SELL,SELL,0.518
2024-04-15 14:15:00,HOLD,HOLD,0.485
2024-04-15 14:20:00,SELL,SELL,0.473
2024-04-15 14:25:00,SELL,SELL,0.688
2024-04-15 14:30:00,SELL,SELL,0.938
2024-04-15 14:35:00,SELL,SELL,0.437
2024-04-15 14:40:00,SELL,SELL,0.44
2024-04-15 14:45:00,SELL,SELL,0.882
2024-04-15 14:50:00,SELL,SELL,0.606
2024-04-15 14:55:00,SELL,SELL,0.719
2024-04-15 15:00:00,SELL,SELL,0.847
2024-04-15 15:05:00,SELL,SELL,0.577
2024-04-15 15:10:00,HOLD,HOLD,0.978
2024-04-15 15:15:00,BUY,BUY,0.639
2024-04-15 15:20:00,BUY,HOLD,0.697
2024-04-15 15:25:00,HOLD,HOLD,0.978
2024-04-16 09:15:00,HOLD,HOLD,0.731
2024-04-16 09:20:00,BUY,BUY,0.537
2024-04-16 09:25:00,HOLD,HOLD,0.569
2024-04-16 09:30:00,SELL,SELL,0.897
2024-04-16 09:35:00,SELL,SELL,0.636
2024-04-16 09:40:00,SELL,SELL,0.613
2024-04-16 09:45:00,SELL,SELL,0.426
2024-04-16 09:50:00,SELL,SELL,0.431
2024-04-16 09:55:00,SELL,SELL,0.497
2024-04-16 10:00:00,SELL,SELL,0.584
2024-04-16 10:05:00,SELL,SELL,0.981
2024-04-16 10:10:00,SELL,SELL,0.721
2024-04-16 10:15:00,SELL,SELL,0.444
2024-04-16 10:20:00,SELL,SELL,0.718
2024-04-16 10:25:00,SELL,HOLD,0.589
2024-04-16 10:30:00,SELL,BUY,0.923
2024-04-16 10:35:00,HOLD,HOLD,0.983
2024-04-16 10:40:00,HOLD,SELL,0.729
2024-04-16 10:45:00,SELL,SELL,0.849
2024-04-16 10:50:00,HOLD,SELL,0.622
2024-04-16 10:55:00,HOLD,HOLD,0.528
2024-04-16 11:00:00,HOLD,HOLD,0.794
2024-04-16 11:05:00,SELL,SELL,0.461
2024-04-16 11:10:00,HOLD,SELL,0.71
2024-04-16 11:15:00,HOLD,HOLD,0.885
2024-04-16 11:20:00,HOLD,HOLD,0.526
2024-04-16 11:25:00,BUY,BUY,0.834
2024-04-16 11:30:00,BUY,BUY,0.547
2024-04-16 11:35:00,BUY,BUY,0.825
2024-04-16 11:40:00,BUY,SELL,0.545
2024-04-16 11:45:00,BUY,BUY,0.679
2024-04-16 11:50:00,BUY,BUY,0.638
2024-04-16 11:55:00,BUY,BUY,0.459
2024-04-16 12:00:00,BUY,SELL,0.778
2024-04-16 12:05:00,BUY,BUY,0.463
2024-04-16 12:10:00,BUY,BUY,0.779
2024-04-16 12:15:00,BUY,BUY,0.699
2024-04-16 12:20:00,HOLD,HOLD,0.9
2024-04-16 12:25:00,HOLD,HOLD,0.675
2024-04-16 12:30:00,HOLD,HOLD,0.457
2024-04-16 12:35:00,HOLD,HOLD,0.613
2024-04-16 12:40:00,HOLD,HOLD,0.82
2024-04-16 12:45:00,BUY,BUY,0.47
2024-04-16 12:50:00,BUY,BUY,0.526
2024-04-16 12:55:00,BUY,BUY,0.481
2024-04-16 13:00:00,BUY,BUY,0.872
2024-04-16 13:05:00,BUY,SELL,0.571
2024-04-16 13:10:00,BUY,BUY,0.501
2024-04-16 13:15:00,BUY,BUY,0.791
2024-04-16 13:20:00,BUY,BUY,0.569
2024-04-16 13:25:00,BUY,BUY,0.754
2024-04-16 13:30:00,BUY,BUY,0.861
2024-04-16 13:35:00,BUY,BUY,0.78
2024-04-16 13:40:00,BUY,BUY,0.884
2024-04-16 13:45:00,BUY,BUY,0.557
2024-04-16 13:50:00,BUY,BUY,0.839
2024-04-16 13:55:00,BUY,BUY,0.765
2024-04-16 14:00:00,BUY,SELL,0.647
2024-04-16 14:05:00,BUY,BUY,0.788
2024-04-16 14:10:00,BUY,BUY,0.784
2024-04-16 14:15:00,HOLD,SELL,0.506
2024-04-16 14:20:00,HOLD,HOLD,0.569
2024-04-16 14:25:00,BUY,BUY,0.733
2024-04-16 14:30:00,HOLD,HOLD,0.538
2024-04-16 14:35:00,HOLD,BUY,0.676
2024-04-16 14:40:00,BUY,BUY,0.634
2024-04-16 14:45:00,BUY,HOLD,0.729
2024-04-16 14:50:00,BUY,BUY,0.518
2024-04-16 14:55:00,HOLD,HOLD,0.773
2024-04-16 15:00:00,BUY,BUY,0.834
2024-04-16 15:05:00,BUY,BUY,0.699
2024-04-16 15:10:00,BUY,BUY,0.608
2024-04-16 15:15:00,BUY,BUY,0.532
2024-04-16 15:20:00,BUY,BUY,0.905
2024-04-16 15:25:00,BUY,BUY,0.958
2024-04-17 09:15:00,BUY,BUY,0.864
2024-04-17 09:20:00,BUY,BUY,0.602
2024-04-17 09:25:00,BUY,BUY,0.885
2024-04-17 09:30:00,BUY,BUY,0.654
2024-04-17 09:35:00,BUY,SELL,0.544
2024-04-17 09:40:00,BUY,BUY,0.677
2024-04-17 09:45:00,BUY,BUY,0.427
2024-04-17 09:50:00,BUY,HOLD,0.472
2024-04-17 09:55:00,BUY,BUY,0.741
2024-04-17 10:00:00,BUY,BUY,0.954
2024-04-17 10:05:00,BUY,BUY,0.97
2024-04-17 10:10:00,BUY,BUY,0.806
2024-04-17 10:15:00,BUY,BUY,0.579
2024-04-17 10:20:00,BUY,BUY,0.42
2024-04-17 10:25:00,BUY,BUY,0.888
2024-04-17 10:30:00,BUY,HOLD,0.444
2024-04-17 10:35:00,BUY,BUY,0.855
2024-04-17 10:40:00,BUY,BUY,0.842
2024-04-17 10:45:00,BUY,SELL,0.478
2024-04-17 10:50:00,BUY,BUY,0.841
2024-04-17 10:55:00,BUY,BUY,0.714
2024-04-17 11:00:00,BUY,BUY,0.589
2024-04-17 11:05:00,BUY,SELL,0.877
2024-04-17 11:10:00,BUY,SELL,0.563
2024-04-17 11:15:00,BUY,BUY,0.786
2024-04-17 11:20:00,BUY,HOLD,0.496
2024-04-17 11:25:00,BUY,BUY,0.943
2024-04-17 11:30:00,BUY,BUY,0.831
2024-04-17 11:35:00,BUY,BUY,0.668
2024-04-17 11:40:00,BUY,BUY,0.483
2024-04-17 11:45:00,HOLD,HOLD,0.988
2024-04-17 11:50:00,BUY,BUY,0.692
2024-04-17 11:55:00,BUY,HOLD,0.945
2024-04-17 12:00:00,BUY,BUY,0.98
2024-04-17 12:05:00,BUY,BUY,0.753
2024-04-17 12:10:00,BUY,BUY,0.674
2024-04-17 12:15:00,BUY,BUY,0.577
2024-04-17 12:20:00,BUY,HOLD,0.688
2024-04-17 12:25:00,BUY,BUY,0.654
2024-04-17 12:30:00,BUY,BUY,0.493
2024-04-17 12:35:00,BUY,BUY,0.529
2024-04-17 12:40:00,BUY,BUY,0.893
2024-04-17 12:45:00,BUY,BUY,0.927
2024-04-17 12:50:00,BUY,BUY,0.692
2024-04-17 12:55:00,HOLD,HOLD,0.986
2024-04-17 13:00:00,BUY,SELL,0.771
2024-04-17 13:05:00,BUY,BUY,0.594
2024-04-17 13:10:00,BUY,BUY,0.835
2024-04-17 13:15:00,BUY,BUY,0.816
2024-04-17 13:20:00,BUY,HOLD,0.858
2024-04-17 13:25:00,BUY,BUY,0.982
2024-04-17 13:30:00,BUY,HOLD,0.592
2024-04-17 13:35:00,BUY,BUY,0.52
2024-04-17 13:40:00,BUY,BUY,0.752
2024-04-17 13:45:00,BUY,BUY,0.608
2024-04-17 13:50:00,BUY,BUY,0.757
2024-04-17 13:55:00,BUY,BUY,0.886
2024-04-17 14:00:00,BUY,BUY,0.578
2024-04-17 14:05:00,BUY,BUY,0.756
2024-04-17 14:10:00,BUY,BUY,0.907
2024-04-17 14:15:00,BUY,BUY,0.88
2024-04-17 14:20:00,BUY,BUY,0.471
2024-04-17 14:25:00,BUY,BUY,0.608
2024-04-17 14:30:00,BUY,BUY,0.65
2024-04-17 14:35:00,BUY,BUY,0.764
2024-04-17 14:40:00,BUY,BUY,0.676
2024-04-17 14:45:00,BUY,BUY,0.621
2024-04-17 14:50:00,BUY,BUY,0.653
2024-04-17 14:55:00,BUY,BUY,0.779
2024-04-17 15:00:00,BUY,BUY,0.457
2024-04-17 15:05:00,BUY,BUY,0.678
2024-04-17 15:10:00,HOLD,HOLD,0.942
2024-04-17 15:15:00,BUY,BUY,0.766
2024-04-17 15:20:00,HOLD,HOLD,0.843
2024-04-17 15:25:00,HOLD,HOLD,0.867
2024-04-18 09:15:00,SELL,SELL,0.935
2024-04-18 09:20:00,SELL,SELL,0.463
2024-04-18 09:25:00,HOLD,HOLD,0.459
2024-04-18 09:30:00,HOLD,HOLD,0.513
2024-04-18 09:35:00,HOLD,BUY,0.595
2024-04-18 09:40:00,BUY,BUY,0.453
2024-04-18 09:45:00,BUY,BUY,0.776
2024-04-18 09:50:00,BUY,HOLD,0.858
2024-04-18 09:55:00,BUY,BUY,0.859
2024-04-18 10:00:00,BUY,BUY,0.683
2024-04-18 10:05:00,BUY,BUY,0.666
2024-04-18 10:10:00,BUY,BUY,0.578
2024-04-18 10:15:00,BUY,HOLD,0.966
2024-04-18 10:20:00,BUY,BUY,0.88
2024-04-18 10:25:00,BUY,BUY,0.888
2024-04-18 10:30:00,BUY,BUY,0.714
2024-04-18 10:35:00,HOLD,HOLD,0.462
2024-04-18 10:40:00,BUY,BUY,0.48
2024-04-18 10:45:00,HOLD,SELL,0.468
2024-04-18 10:50:00,BUY,BUY,0.961
2024-04-18 10:55:00,BUY,BUY,0.476
2024-04-18 11:00:00,HOLD,SELL,0.725
2024-04-18 11:05:00,BUY,BUY,0.821
2024-04-18 11:10:00,BUY,BUY,0.888
2024-04-18 11:15:00,BUY,BUY,0.719
2024-04-18 11:20:00,BUY,HOLD,0.791
2024-04-18 11:25:00,BUY,BUY,0.646
2024-04-18 11:30:00,BUY,BUY,0.895
2024-04-18 11:35:00,BUY,BUY,0.476
2024-04-18 11:40:00,BUY,BUY,0.517
2024-04-18 11:45:00,BUY,BUY,0.601
2024-04-18 11:50:00,HOLD,HOLD,0.77
2024-04-18 11:55:00,HOLD,HOLD,0.602
2024-04-18 12:00:00,HOLD,HOLD,0.467
2024-04-18 12:05:00,SELL,SELL,0.914
2024-04-18 12:10:00,SELL,HOLD,0.476
2024-04-18 12:15:00,SELL,SELL,0.559
2024-04-18 12:20:00,SELL,SELL,0.946
2024-04-18 12:25:00,SELL,SELL,0.843
2024-04-18 12:30:00,SELL,SELL,0.775
2024-04-18 12:35:00,SELL,SELL,0.824
2024-04-18 12:40:00,SELL,HOLD,0.59
2024-04-18 12:45:00,SELL,BUY,0.819
2024-04-18 12:50:00,SELL,SELL,0.62
2024-04-18 12:55:00,SELL,SELL,0.637
2024-04-18 13:00:00,SELL,SELL,0.776
2024-04-18 13:05:00,SELL,SELL,0.688
2024-04-18 13:10:00,SELL,SELL,0.939
2024-04-18 13:15:00,SELL,SELL,0.578
2024-04-18 13:20:00,HOLD,BUY,0.55
2024-04-18 13:25:00,HOLD,HOLD,0.837
2024-04-18 13:30:00,SELL,SELL,0.442
2024-04-18 13:35:00,HOLD,HOLD,0.524
2024-04-18 13:40:00,BUY,BUY,0.85
2024-04-18 13:45:00,BUY,BUY,0.439
2024-04-18 13:50:00,BUY,HOLD,0.48
2024-04-18 13:55:00,BUY,HOLD,0.823
2024-04-18 14:00:00,BUY,BUY,0.639
2024-04-18 14:05:00,BUY,SELL,0.442
2024-04-18 14:10:00,HOLD,HOLD,0.502
2024-04-18 14:15:00,HOLD,HOLD,0.834
2024-04-18 14:20:00,BUY,BUY,0.624
2024-04-18 14:25:00,HOLD,HOLD,0.784
2024-04-18 14:30:00,HOLD,HOLD,0.933
2024-04-18 14:35:00,HOLD,HOLD,0.986
2024-04-18 14:40:00,HOLD,HOLD,0.832
2024-04-18 14:45:00,HOLD,HOLD,0.625
2024-04-18 14:50:00,SELL,SELL,0.795
2024-04-18 14:55:00,SELL,HOLD,0.947
2024-04-18 15:00:00,SELL,HOLD,0.9
2024-04-18 15:05:00,HOLD,HOLD,0.697
2024-04-18 15:10:00,HOLD,HOLD,0.947
2024-04-18 15:15:00,HOLD,HOLD,0.933
2024-04-18 15:20:00,HOLD,SELL,0.654
2024-04-18 15:25:00,HOLD,HOLD,0.724
2024-04-19 09:15:00,BUY,BUY,0.655
2024-04-19 09:20:00,SELL,SELL,0.53
2024-04-19 09:25:00,SELL,SELL,0.943
2024-04-19 09:30:00,SELL,SELL,0.92
2024-04-19 09:35:00,HOLD,HOLD,0.486
2024-04-19 09:40:00,HOLD,HOLD,0.528
2024-04-19 09:45:00,SELL,SELL,0.876
2024-04-19 09:50:00,SELL,SELL,0.444
2024-04-19 09:55:00,SELL,SELL,0.574
2024-04-19 10:00:00,SELL,HOLD,0.725
2024-04-19 10:05:00,SELL,BUY,0.781
2024-04-19 10:10:00,SELL,HOLD,0.911
2024-04-19 10:15:00,SELL,SELL,0.576
2024-04-19 10:20:00,SELL,SELL,0.586
2024-04-19 10:25:00,HOLD,SELL,0.501
2024-04-19 10:30:00,BUY,BUY,0.58
2024-04-19 10:35:00,BUY,BUY,0.82
2024-04-19 10:40:00,BUY,BUY,0.634
2024-04-19 10:45:00,BUY,BUY,0.768
2024-04-19 10:50:00,HOLD,HOLD,0.801
2024-04-19 10:55:00,SELL,HOLD,0.761
2024-04-19 11:00:00,SELL,SELL,0.654
2024-04-19 11:05:00,SELL,SELL,0.704
2024-04-19 11:10:00,SELL,BUY,0.911
2024-04-19 11:15:00,SELL,SELL,0.622
2024-04-19 11:20:00,SELL,SELL,0.532
2024-04-19 11:25:00,SELL,SELL,0.545
2024-04-19 11:30:00,SELL,SELL,0.585
2024-04-19 11:35:00,SELL,SELL,0.509
2024-04-19 11:40:00,SELL,SELL,0.98
2024-04-19 11:45:00,HOLD,HOLD,0.499
2024-04-19 11:50:00,SELL,SELL,0.866
2024-04-19 11:55:00,SELL,SELL,0.749
2024-04-19 12:00:00,SELL,HOLD,0.988
2024-04-19 12:05:00,SELL,SELL,0.572
2024-04-19 12:10:00,SELL,SELL,0.92
2024-04-19 12:15:00,SELL,SELL,0.491
2024-04-19 12:20:00,SELL,SELL,0.566
2024-04-19 12:25:00,SELL,SELL,0.684
2024-04-19 12:30:00,SELL,SELL,0.909
2024-04-19 12:35:00,SELL,SELL,0.773
2024-04-19 12:40:00,HOLD,HOLD,0.863
2024-04-19 12:45:00,BUY,BUY,0.702
2024-04-19 12:50:00,HOLD,HOLD,0.454
2024-04-19 12:55:00,HOLD,HOLD,0.49
2024-04-19 13:00:00,BUY,BUY,0.59
2024-04-19 13:05:00,BUY,BUY,0.499
2024-04-19 13:10:00,BUY,HOLD,0.962
2024-04-19 13:15:00,HOLD,HOLD,0.722
2024-04-19 13:20:00,HOLD,HOLD,0.913
2024-04-19 13:25:00,HOLD,HOLD,0.982
2024-04-19 13:30:00,SELL,SELL,0.955
2024-04-19 13:35:00,SELL,SELL,0.479
2024-04-19 13:40:00,SELL,SELL,0.44
2024-04-19 13:45:00,SELL,HOLD,0.821
2024-04-19 13:50:00,SELL,SELL,0.616
2024-04-19 13:55:00,SELL,SELL,0.691
2024-04-19 14:00:00,SELL,SELL,0.917
2024-04-19 14:05:00,SELL,SELL,0.787
2024-04-19 14:10:00,SELL,SELL,0.876
2024-04-19 14:15:00,SELL,SELL,0.841
2024-04-19 14:20:00,SELL,SELL,0.687
2024-04-19 14:25:00,SELL,SELL,0.618
2024-04-19 14:30:00,HOLD,HOLD,0.795
2024-04-19 14:35:00,HOLD,HOLD,0.94
2024-04-19 14:40:00,SELL,SELL,0.907
2024-04-19 14:45:00,SELL,SELL,0.9
2024-04-19 14:50:00,SELL,SELL,0.57
2024-04-19 14:55:00,SELL,SELL,0.529
2024-04-19 15:00:00,SELL,SELL,0.817
2024-04-19 15:05:00,SELL,SELL,0.703
2024-04-19 15:10:00,SELL,SELL,0.976
2024-04-19 15:15:00,SELL,SELL,0.52
2024-04-19 15:20:00,SELL,SELL,0.975
2024-04-19 15:25:00,SELL,SELL,0.959
2024-04-22 09:15:00,SELL,BUY,0.427
2024-04-22 09:20:00,SELL,SELL,0.525
2024-04-22 09:25:00,SELL,SELL,0.851
2024-04-22 09:30:00,SELL,SELL,0.743
2024-04-22 09:35:00,SELL,SELL,0.522
2024-04-22 09:40:00,SELL,SELL,0.899
2024-04-22 09:45:00,SELL,SELL,0.865
2024-04-22 09:50:00,SELL,HOLD,0.712
2024-04-22 09:55:00,SELL,SELL,0.649
2024-04-22 10:00:00,SELL,SELL,0.932
2024-04-22 10:05:00,SELL,SELL,0.601
2024-04-22 10:10:00,HOLD,HOLD,0.78
2024-04-22 10:15:00,SELL,SELL,0.76
2024-04-22 10:20:00,SELL,SELL,0.51
2024-04-22 10:25:00,BUY,BUY,0.832
2024-04-22 10:30:00,BUY,BUY,0.587
2024-04-22 10:35:00,BUY,BUY,0.653
2024-04-22 10:40:00,BUY,BUY,0.563
2024-04-22 10:45:00,BUY,BUY,0.538
2024-04-22 10:50:00,BUY,BUY,0.83
2024-04-22 10:55:00,SELL,SELL,0.462
2024-04-22 11:00:00,SELL,SELL,0.755
2024-04-22 11:05:00,SELL,SELL,0.801
2024-04-22 11:10:00,SELL,SELL,0.857
2024-04-22 11:15:00,SELL,SELL,0.577
2024-04-22 11:20:00,SELL,SELL,0.45
2024-04-22 11:25:00,SELL,BUY,0.762
2024-04-22 11:30:00,SELL,SELL,0.448
2024-04-22 11:35:00,SELL,SELL,0.943
2024-04-22 11:40:00,HOLD,BUY,0.421
2024-04-22 11:45:00,HOLD,HOLD,0.889
2024-04-22 11:50:00,SELL,HOLD,0.692
2024-04-22 11:55:00,SELL,SELL,0.665
2024-04-22 12:00:00,SELL,SELL,0.626
2024-04-22 12:05:00,SELL,BUY,0.435
2024-04-22 12:10:00,SELL,SELL,0.775
2024-04-22 12:15:00,SELL,HOLD,0.705
2024-04-22 12:20:00,SELL,SELL,0.732
2024-04-22 12:25:00,SELL,BUY,0.699
2024-04-22 12:30:00,SELL,BUY,0.905
2024-04-22 12:35:00,SELL,SELL,0.653
2024-04-22 12:40:00,SELL,SELL,0.926
2024-04-22 12:45:00,SELL,SELL,0.431
2024-04-22 12:50:00,SELL,BUY,0.63
2024-04-22 12:55:00,SELL,SELL,0.74
2024-04-22 13:00:00,SELL,SELL,0.421
2024-04-22 13:05:00,SELL,SELL,0.733
2024-04-22 13:10:00,SELL,SELL,0.503
2024-04-22 13:15:00,SELL,SELL,0.976
2024-04-22 13:20:00,SELL,SELL,0.872
2024-04-22 13:25:00,SELL,SELL,0.764
2024-04-22 13:30:00,SELL,BUY,0.812
2024-04-22 13:35:00,SELL,SELL,0.891
2024-04-22 13:40:00,SELL,HOLD,0.787
2024-04-22 13:45:00,SELL,SELL,0.968
2024-04-22 13:50:00,SELL,SELL,0.45
2024-04-22 13:55:00,SELL,HOLD,0.755
2024-04-22 14:00:00,SELL,HOLD,0.448
2024-04-22 14:05:00,SELL,SELL,0.636
2024-04-22 14:10:00,SELL,SELL,0.773
2024-04-22 14:15:00,SELL,SELL,0.798
2024-04-22 14:20:00,SELL,SELL,0.457
2024-04-22 14:25:00,HOLD,HOLD,0.788
2024-04-22 14:30:00,HOLD,HOLD,0.778
2024-04-22 14:35:00,BUY,HOLD,0.425
2024-04-22 14:40:00,BUY,BUY,0.488
2024-04-22 14:45:00,BUY,BUY,0.693
2024-04-22 14:50:00,BUY,BUY,0.893
2024-04-22 14:55:00,BUY,BUY,0.625
2024-04-22 15:00:00,HOLD,HOLD,0.831
2024-04-22 15:05:00,HOLD,HOLD,0.475
2024-04-22 15:10:00,SELL,SELL,0.91
2024-04-22 15:15:00,SELL,SELL,0.818
2024-04-22 15:20:00,SELL,SELL,0.53
2024-04-22 15:25:00,SELL,SELL,0.479
2024-04-23 09:15:00,SELL,BUY,0.77
2024-04-23 09:20:00,SELL,BUY,0.901
2024-04-23 09:25:00,SELL,SELL,0.739
2024-04-23 09:30:00,SELL,SELL,0.426
2024-04-23 09:35:00,HOLD,HOLD,0.582
2024-04-23 09:40:00,HOLD,HOLD,0.681
2024-04-23 09:45:00,HOLD,HOLD,0.422
2024-04-23 09:50:00,SELL,SELL,0.435
2024-04-23 09:55:00,SELL,SELL,0.662
2024-04-23 10:00:00,HOLD,HOLD,0.496
2024-04-23 10:05:00,HOLD,HOLD,0.877
2024-04-23 10:10:00,HOLD,SELL,0.643
2024-04-23 10:15:00,SELL,SELL,0.908
2024-04-23 10:20:00,SELL,BUY,0.646
2024-04-23 10:25:00,SELL,BUY,0.614
2024-04-23 10:30:00,SELL,SELL,0.829
2024-04-23 10:35:00,SELL,SELL,0.768
2024-04-23 10:40:00,SELL,SELL,0.717
2024-04-23 10:45:00,SELL,SELL,0.516
2024-04-23 10:50:00,HOLD,SELL,0.503
2024-04-23 10:55:00,HOLD,HOLD,0.948
2024-04-23 11:00:00,SELL,SELL,0.651
2024-04-23 11:05:00,SELL,SELL,0.96
2024-04-23 11:10:00,HOLD,BUY,0.524
2024-04-23 11:15:00,HOLD,HOLD,0.784
2024-04-23 11:20:00,HOLD,SELL,0.825
2024-04-23 11:25:00,BUY,BUY,0.884
2024-04-23 11:30:00,BUY,BUY,0.544
2024-04-23 11:35:00,BUY,BUY,0.844
2024-04-23 11:40:00,BUY,HOLD,0.465
2024-04-23 11:45:00,BUY,BUY,0.972
2024-04-23 11:50:00,BUY,BUY,0.494
2024-04-23 11:55:00,BUY,BUY,0.721
2024-04-23 12:00:00,HOLD,HOLD,0.966
2024-04-23 12:05:00,HOLD,HOLD,0.635
2024-04-23 12:10:00,SELL,SELL,0.742
2024-04-23 12:15:00,HOLD,HOLD,0.711
2024-04-23 12:20:00,HOLD,HOLD,0.791
2024-04-23 12:25:00,HOLD,HOLD,0.794
2024-04-23 12:30:00,BUY,BUY,0.602
2024-04-23 12:35:00,BUY,BUY,0.433
2024-04-23 12:40:00,BUY,BUY,0.759
2024-04-23 12:45:00,BUY,BUY,0.923
2024-04-23 12:50:00,HOLD,HOLD,0.808
2024-04-23 12:55:00,HOLD,HOLD,0.973
2024-04-23 13:00:00,SELL,SELL,0.494
2024-04-23 13:05:00,SELL,SELL,0.561
2024-04-23 13:10:00,SELL,HOLD,0.915
2024-04-23 13:15:00,SELL,SELL,0.423
2024-04-23 13:20:00,HOLD,HOLD,0.583
2024-04-23 13:25:00,SELL,SELL,0.433
2024-04-23 13:30:00,HOLD,SELL,0.554
2024-04-23 13:35:00,BUY,HOLD,0.866
2024-04-23 13:40:00,HOLD,HOLD,0.572
2024-04-23 13:45:00,HOLD,HOLD,0.475
2024-04-23 13:50:00,HOLD,HOLD,0.604
2024-04-23 13:55:00,HOLD,HOLD,0.829
2024-04-23 14:00:00,HOLD,HOLD,0.803
2024-04-23 14:05:00,HOLD,HOLD,0.79
2024-04-23 14:10:00,HOLD,HOLD,0.939
2024-04-23 14:15:00,HOLD,HOLD,0.669
2024-04-23 14:20:00,HOLD,HOLD,0.734
2024-04-23 14:25:00,HOLD,HOLD,0.846
2024-04-23 14:30:00,HOLD,HOLD,0.458
2024-04-23 14:35:00,HOLD,SELL,0.77
2024-04-23 14:40:00,BUY,BUY,0.932
2024-04-23 14:45:00,BUY,HOLD,0.686
2024-04-23 14:50:00,BUY,BUY,0.886
2024-04-23 14:55:00,BUY,BUY,0.918
2024-04-23 15:00:00,BUY,BUY,0.922
2024-04-23 15:05:00,BUY,HOLD,0.706
2024-04-23 15:10:00,BUY,BUY,0.47
2024-04-23 15:15:00,BUY,SELL,0.821
2024-04-23 15:20:00,BUY,SELL,0.444
2024-04-23 15:25:00,BUY,BUY,0.769
2024-04-24 09:15:00,BUY,BUY,0.757
2024-04-24 09:20:00,BUY,BUY,0.983
2024-04-24 09:25:00,BUY,BUY,0.808
2024-04-24 09:30:00,BUY,BUY,0.542
2024-04-24 09:35:00,BUY,BUY,0.449
2024-04-24 09:40:00,BUY,SELL,0.906
2024-04-24 09:45:00,BUY,BUY,0.678
2024-04-24 09:50:00,BUY,BUY,0.962
2024-04-24 09:55:00,BUY,SELL,0.908
2024-04-24 10:00:00,BUY,BUY,0.685
2024-04-24 10:05:00,HOLD,HOLD,0.939
2024-04-24 10:10:00,HOLD,HOLD,0.519
2024-04-24 10:15:00,SELL,SELL,0.87
2024-04-24 10:20:00,HOLD,HOLD,0.969
2024-04-24 10:25:00,BUY,BUY,0.427
2024-04-24 10:30:00,BUY,BUY,0.711
2024-04-24 10:35:00,BUY,HOLD,0.895
2024-04-24 10:40:00,BUY,BUY,0.755
2024-04-24 10:45:00,BUY,BUY,0.889
2024-04-24 10:50:00,BUY,BUY,0.597
2024-04-24 10:55:00,BUY,BUY,0.777
2024-04-24 11:00:00,BUY,BUY,0.507
2024-04-24 11:05:00,BUY,BUY,0.957
2024-04-24 11:10:00,BUY,BUY,0.814
2024-04-24 11:15:00,BUY,BUY,0.704
2024-04-24 11:20:00,BUY,BUY,0.835
2024-04-24 11:25:00,HOLD,HOLD,0.957
2024-04-24 11:30:00,BUY,BUY,0.506
2024-04-24 11:35:00,BUY,HOLD,0.632
2024-04-24 11:40:00,HOLD,HOLD,0.78
2024-04-24 11:45:00,BUY,BUY,0.676
2024-04-24 11:50:00,BUY,BUY,0.702
2024-04-24 11:55:00,BUY,BUY,0.891
2024-04-24 12:00:00,BUY,BUY,0.466
2024-04-24 12:05:00,BUY,BUY,0.555
2024-04-24 12:10:00,BUY,BUY,0.492
2024-04-24 12:15:00,HOLD,HOLD,0.519
2024-04-24 12:20:00,HOLD,HOLD,0.709
2024-04-24 12:25:00,HOLD,HOLD,0.831
2024-04-24 12:30:00,BUY,BUY,0.597
2024-04-24 12:35:00,BUY,HOLD,0.669
2024-04-24 12:40:00,BUY,BUY,0.671
2024-04-24 12:45:00,BUY,BUY,0.834
2024-04-24 12:50:00,BUY,BUY,0.422
2024-04-24 12:55:00,BUY,BUY,0.772
2024-04-24 13:00:00,BUY,BUY,0.956
2024-04-24 13:05:00,BUY,BUY,0.813
2024-04-24 13:10:00,BUY,BUY,0.835
2024-04-24 13:15:00,BUY,SELL,0.759
2024-04-24 13:20:00,BUY,BUY,0.526
2024-04-24 13:25:00,BUY,BUY,0.931
2024-04-24 13:30:00,BUY,BUY,0.483
2024-04-24 13:35:00,BUY,BUY,0.871
2024-04-24 13:40:00,BUY,BUY,0.594
2024-04-24 13:45:00,BUY,BUY,0.853
2024-04-24 13:50:00,BUY,BUY,0.53
2024-04-24 13:55:00,BUY,BUY,0.941
2024-04-24 14:00:00,BUY,BUY,0.84
2024-04-24 14:05:00,BUY,HOLD,0.453
2024-04-24 14:10:00,BUY,BUY,0.551
2024-04-24 14:15:00,BUY,BUY,0.535
2024-04-24 14:20:00,BUY,BUY,0.485
2024-04-24 14:25:00,BUY,BUY,0.641
2024-04-24 14:30:00,BUY,BUY,0.502
2024-04-24 14:35:00,HOLD,HOLD,0.927
2024-04-24 14:40:00,HOLD,HOLD,0.535
2024-04-24 14:45:00,SELL,SELL,0.726
2024-04-24 14:50:00,SELL,SELL,0.545
2024-04-24 14:55:00,SELL,SELL,0.757
2024-04-24 15:00:00,SELL,SELL,0.768
2024-04-24 15:05:00,SELL,SELL,0.431
2024-04-24 15:10:00,SELL,SELL,0.451
2024-04-24 15:15:00,SELL,SELL,0.982
2024-04-24 15:20:00,HOLD,HOLD,0.841
2024-04-24 15:25:00,HOLD,HOLD,0.945
2024-04-25 09:15:00,BUY,BUY,0.771
2024-04-25 09:20:00,BUY,BUY,0.873
2024-04-25 09:25:00,BUY,BUY,0.453
2024-04-25 09:30:00,BUY,BUY,0.617
2024-04-25 09:35:00,BUY,SELL,0.745
2024-04-25 09:40:00,BUY,HOLD,0.737
2024-04-25 09:45:00,BUY,BUY,0.624
2024-04-25 09:50:00,HOLD,HOLD,0.44
2024-04-25 09:55:00,BUY,BUY,0.706
2024-04-25 10:00:00,BUY,BUY,0.96
2024-04-25 10:05:00,HOLD,BUY,0.819
2024-04-25 10:10:00,SELL,SELL,0.869
2024-04-25 10:15:00,HOLD,BUY,0.985
2024-04-25 10:20:00,BUY,HOLD,0.968
2024-04-25 10:25:00,HOLD,SELL,0.879
2024-04-25 10:30:00,BUY,BUY,0.942
2024-04-25 10:35:00,BUY,BUY,0.555
2024-04-25 10:40:00,BUY,BUY,0.944
2024-04-25 10:45:00,BUY,BUY,0.686
2024-04-25 10:50:00,BUY,HOLD,0.465
2024-04-25 10:55:00,BUY,HOLD,0.555
2024-04-25 11:00:00,HOLD,SELL,0.908
2024-04-25 11:05:00,SELL,SELL,0.932
2024-04-25 11:10:00,HOLD,HOLD,0.916
2024-04-25 11:15:00,BUY,HOLD,0.918
2024-04-25 11:20:00,HOLD,HOLD,0.979
2024-04-25 11:25:00,BUY,BUY,0.678
2024-04-25 11:30:00,BUY,HOLD,0.437
2024-04-25 11:35:00,BUY,HOLD,0.447
2024-04-25 11:40:00,BUY,BUY,0.817
2024-04-25 11:45:00,BUY,HOLD,0.66
2024-04-25 11:50:00,BUY,BUY,0.525
2024-04-25 11:55:00,BUY,BUY,0.547
2024-04-25 12:00:00,BUY,BUY,0.559
2024-04-25 12:05:00,BUY,BUY,0.645
2024-04-25 12:10:00,HOLD,HOLD,0.967
2024-04-25 12:15:00,BUY,SELL,0.834
2024-04-25 12:20:00,BUY,BUY,0.515
2024-04-25 12:25:00,BUY,BUY,0.632
2024-04-25 12:30:00,BUY,BUY,0.795
2024-04-25 12:35:00,BUY,BUY,0.894
2024-04-25 12:40:00,BUY,BUY,0.564
2024-04-25 12:45:00,BUY,BUY,0.835
2024-04-25 12:50:00,BUY,BUY,0.73
2024-04-25 12:55:00,BUY,BUY,0.971
2024-04-25 13:00:00,BUY,BUY,0.495
2024-04-25 13:05:00,BUY,BUY,0.744
2024-04-25 13:10:00,SELL,SELL,0.768
2024-04-25 13:15:00,SELL,SELL,0.904
2024-04-25 13:20:00,SELL,SELL,0.82
2024-04-25 13:25:00,SELL,SELL,0.954
2024-04-25 13:30:00,SELL,SELL,0.777
2024-04-25 13:35:00,HOLD,HOLD,0.569
2024-04-25 13:40:00,BUY,BUY,0.792
2024-04-25 13:45:00,BUY,HOLD,0.589
2024-04-25 13:50:00,BUY,BUY,0.981
2024-04-25 13:55:00,BUY,BUY,0.56
2024-04-25 14:00:00,BUY,BUY,0.536
2024-04-25 14:05:00,BUY,BUY,0.732
2024-04-25 14:10:00,BUY,HOLD,0.589
2024-04-25 14:15:00,HOLD,HOLD,0.585
2024-04-25 14:20:00,SELL,BUY,0.561
2024-04-25 14:25:00,HOLD,HOLD,0.471
2024-04-25 14:30:00,BUY,HOLD,0.882
2024-04-25 14:35:00,HOLD,HOLD,0.737
2024-04-25 14:40:00,HOLD,HOLD,0.869
2024-04-25 14:45:00,HOLD,HOLD,0.826
2024-04-25 14:50:00,HOLD,HOLD,0.908
2024-04-25 14:55:00,HOLD,HOLD,0.448
2024-04-25 15:00:00,HOLD,HOLD,0.939
2024-04-25 15:05:00,BUY,BUY,0.553
2024-04-25 15:10:00,BUY,HOLD,0.648
2024-04-25 15:15:00,BUY,BUY,0.883
2024-04-25 15:20:00,BUY,HOLD,0.823
2024-04-25 15:25:00,BUY,SELL,0.814
2024-04-26 09:15:00,BUY,BUY,0.897
2024-04-26 09:20:00,BUY,BUY,0.806
2024-04-26 09:25:00,BUY,BUY,0.98
2024-04-26 09:30:00,BUY,BUY,0.928
2024-04-26 09:35:00,BUY,BUY,0.912
2024-04-26 09:40:00,BUY,BUY,0.938
2024-04-26 09:45:00,HOLD,HOLD,0.938
2024-04-26 09:50:00,SELL,BUY,0.934
2024-04-26 09:55:00,SELL,SELL,0.875
2024-04-26 10:00:00,SELL,SELL,0.777
2024-04-26 10:05:00,SELL,BUY,0.516
2024-04-26 10:10:00,SELL,SELL,0.859
2024-04-26 10:15:00,SELL,BUY,0.582
2024-04-26 10:20:00,SELL,SELL,0.749
2024-04-26 10:25:00,SELL,SELL,0.553
2024-04-26 10:30:00,SELL,BUY,0.598
2024-04-26 10:35:00,SELL,SELL,0.623
2024-04-26 10:40:00,HOLD,HOLD,0.811
2024-04-26 10:45:00,HOLD,HOLD,0.878
2024-04-26 10:50:00,BUY,BUY,0.733
2024-04-26 10:55:00,BUY,SELL,0.455
2024-04-26 11:00:00,BUY,BUY,0.833
2024-04-26 11:05:00,BUY,HOLD,0.705
2024-04-26 11:10:00,BUY,BUY,0.815
2024-04-26 11:15:00,SELL,SELL,0.548
2024-04-26 11:20:00,HOLD,BUY,0.766
2024-04-26 11:25:00,HOLD,HOLD,0.55
2024-04-26 11:30:00,BUY,BUY,0.727
2024-04-26 11:35:00,HOLD,HOLD,0.475
2024-04-26 11:40:00,HOLD,HOLD,0.642
2024-04-26 11:45:00,BUY,HOLD,0.638
2024-04-26 11:50:00,HOLD,HOLD,0.896
2024-04-26 11:55:00,SELL,SELL,0.53
2024-04-26 12:00:00,SELL,SELL,0.732
2024-04-26 12:05:00,SELL,SELL,0.915
2024-04-26 12:10:00,HOLD,HOLD,0.581
2024-04-26 12:15:00,HOLD,HOLD,0.627
2024-04-26 12:20:00,BUY,BUY,0.986
2024-04-26 12:25:00,BUY,BUY,0.447
2024-04-26 12:30:00,BUY,BUY,0.596
2024-04-26 12:35:00,HOLD,HOLD,0.759
2024-04-26 12:40:00,SELL,BUY,0.452
2024-04-26 12:45:00,HOLD,HOLD,0.831
2024-04-26 12:50:00,SELL,BUY,0.527
2024-04-26 12:55:00,SELL,SELL,0.926
2024-04-26 13:00:00,SELL,SELL,0.978
2024-04-26 13:05:00,SELL,SELL,0.494
2024-04-26 13:10:00,SELL,SELL,0.442
2024-04-26 13:15:00,SELL,SELL,0.793
2024-04-26 13:20:00,SELL,SELL,0.443
2024-04-26 13:25:00,SELL,SELL,0.525
2024-04-26 13:30:00,SELL,SELL,0.454
2024-04-26 13:35:00,SELL,HOLD,0.546
2024-04-26 13:40:00,SELL,SELL,0.894
2024-04-26 13:45:00,SELL,SELL,0.799
2024-04-26 13:50:00,HOLD,HOLD,0.455
2024-04-26 13:55:00,HOLD,HOLD,0.518
2024-04-26 14:00:00,HOLD,HOLD,0.886
2024-04-26 14:05:00,BUY,BUY,0.788
2024-04-26 14:10:00,BUY,BUY,0.745
2024-04-26 14:15:00,BUY,BUY,0.84
2024-04-26 14:20:00,BUY,BUY,0.86
2024-04-26 14:25:00,HOLD,HOLD,0.445
2024-04-26 14:30:00,SELL,SELL,0.653
2024-04-26 14:35:00,SELL,HOLD,0.503
2024-04-26 14:40:00,SELL,SELL,0.911
2024-04-26 14:45:00,SELL,SELL,0.798
2024-04-26 14:50:00,SELL,BUY,0.763
2024-04-26 14:55:00,SELL,SELL,0.898
2024-04-26 15:00:00,SELL,SELL,0.818
2024-04-26 15:05:00,SELL,SELL,0.649
2024-04-26 15:10:00,HOLD,HOLD,0.459
2024-04-26 15:15:00,HOLD,HOLD,0.717
2024-04-26 15:20:00,BUY,SELL,0.918
2024-04-26 15:25:00,BUY,BUY,0.434
2024-04-29 09:15:00,BUY,BUY,0.959
2024-04-29 09:20:00,BUY,BUY,0.715
2024-04-29 09:25:00,BUY,BUY,0.663
2024-04-29 09:30:00,BUY,BUY,0.758
2024-04-29 09:35:00,BUY,BUY,0.985
2024-04-29 09:40:00,BUY,BUY,0.898
2024-04-29 09:45:00,BUY,SELL,0.945
2024-04-29 09:50:00,BUY,BUY,0.861
2024-04-29 09:55:00,BUY,BUY,0.433
2024-04-29 10:00:00,BUY,BUY,0.979
2024-04-29 10:05:00,BUY,BUY,0.809
2024-04-29 10:10:00,HOLD,HOLD,0.565
2024-04-29 10:15:00,SELL,SELL,0.477
2024-04-29 10:20:00,SELL,SELL,0.783
2024-04-29 10:25:00,SELL,SELL,0.602
2024-04-29 10:30:00,SELL,SELL,0.872
2024-04-29 10:35:00,SELL,SELL,0.941
2024-04-29 10:40:00,SELL,SELL,0.776
2024-04-29 10:45:00,SELL,HOLD,0.955
2024-04-29 10:50:00,HOLD,HOLD,0.438
2024-04-29 10:55:00,HOLD,HOLD,0.687
2024-04-29 11:00:00,HOLD,HOLD,0.545
2024-04-29 11:05:00,HOLD,HOLD,0.511
2024-04-29 11:10:00,BUY,BUY,0.982
2024-04-29 11:15:00,HOLD,HOLD,0.466
2024-04-29 11:20:00,SELL,SELL,0.756
2024-04-29 11:25:00,SELL,SELL,0.908
2024-04-29 11:30:00,HOLD,HOLD,0.689
2024-04-29 11:35:00,SELL,SELL,0.553
2024-04-29 11:40:00,HOLD,HOLD,0.869
2024-04-29 11:45:00,HOLD,HOLD,0.794
2024-04-29 11:50:00,HOLD,HOLD,0.748
2024-04-29 11:55:00,HOLD,HOLD,0.581
2024-04-29 12:00:00,SELL,SELL,0.94
2024-04-29 12:05:00,HOLD,HOLD,0.702
2024-04-29 12:10:00,HOLD,HOLD,0.709
2024-04-29 12:15:00,HOLD,HOLD,0.956
2024-04-29 12:20:00,SELL,SELL,0.696
2024-04-29 12:25:00,SELL,SELL,0.587
2024-04-29 12:30:00,SELL,SELL,0.93
2024-04-29 12:35:00,HOLD,HOLD,0.746
2024-04-29 12:40:00,SELL,SELL,0.905
2024-04-29 12:45:00,SELL,HOLD,0.726
2024-04-29 12:50:00,SELL,SELL,0.86
2024-04-29 12:55:00,SELL,SELL,0.788
2024-04-29 13:00:00,SELL,HOLD,0.555
2024-04-29 13:05:00,SELL,SELL,0.446
2024-04-29 13:10:00,SELL,SELL,0.545
2024-04-29 13:15:00,SELL,SELL,0.773
2024-04-29 13:20:00,SELL,SELL,0.647
2024-04-29 13:25:00,SELL,SELL,0.769
2024-04-29 13:30:00,SELL,SELL,0.779
2024-04-29 13:35:00,SELL,HOLD,0.98
2024-04-29 13:40:00,SELL,BUY,0.682
2024-04-29 13:45:00,SELL,SELL,0.778
2024-04-29 13:50:00,HOLD,HOLD,0.575
2024-04-29 13:55:00,SELL,SELL,0.793
2024-04-29 14:00:00,SELL,BUY,0.463
2024-04-29 14:05:00,HOLD,HOLD,0.607
2024-04-29 14:10:00,HOLD,HOLD,0.628
2024-04-29 14:15:00,HOLD,HOLD,0.923
2024-04-29 14:20:00,HOLD,BUY,0.422
2024-04-29 14:25:00,SELL,HOLD,0.52
2024-04-29 14:30:00,HOLD,HOLD,0.574
2024-04-29 14:35:00,HOLD,HOLD,0.475
2024-04-29 14:40:00,HOLD,HOLD,0.603
2024-04-29 14:45:00,SELL,BUY,0.866
2024-04-29 14:50:00,SELL,BUY,0.671
2024-04-29 14:55:00,SELL,SELL,0.91
2024-04-29 15:00:00,SELL,SELL,0.585
2024-04-29 15:05:00,HOLD,HOLD,0.422
2024-04-29 15:10:00,SELL,HOLD,0.822
2024-04-29 15:15:00,SELL,SELL,0.486
2024-04-29 15:20:00,SELL,SELL,0.859
2024-04-29 15:25:00,SELL,SELL,0.712
2024-04-30 09:15:00,SELL,SELL,0.586
2024-04-30 09:20:00,SELL,SELL,0.767
2024-04-30 09:25:00,SELL,SELL,0.795
2024-04-30 09:30:00,SELL,SELL,0.917
2024-04-30 09:35:00,SELL,SELL,0.682
2024-04-30 09:40:00,SELL,SELL,0.725
2024-04-30 09:45:00,HOLD,HOLD,0.614
2024-04-30 09:50:00,BUY,BUY,0.525
2024-04-30 09:55:00,BUY,BUY,0.975
2024-04-30 10:00:00,BUY,BUY,0.596
2024-04-30 10:05:00,BUY,BUY,0.642
2024-04-30 10:10:00,HOLD,HOLD,0.485
2024-04-30 10:15:00,HOLD,BUY,0.556
2024-04-30 10:20:00,SELL,SELL,0.621
2024-04-30 10:25:00,SELL,SELL,0.909
2024-04-30 10:30:00,SELL,SELL,0.911
2024-04-30 10:35:00,SELL,SELL,0.89
2024-04-30 10:40:00,SELL,SELL,0.722
2024-04-30 10:45:00,SELL,SELL,0.902
2024-04-30 10:50:00,SELL,SELL,0.436
2024-04-30 10:55:00,SELL,SELL,0.738
2024-04-30 11:00:00,SELL,BUY,0.654
2024-04-30 11:05:00,SELL,SELL,0.632
2024-04-30 11:10:00,SELL,SELL,0.459
2024-04-30 11:15:00,SELL,SELL,0.988
2024-04-30 11:20:00,SELL,SELL,0.962
2024-04-30 11:25:00,SELL,SELL,0.915
2024-04-30 11:30:00,SELL,SELL,0.455
2024-04-30 11:35:00,SELL,SELL,0.873
2024-04-30 11:40:00,SELL,SELL,0.631
2024-04-30 11:45:00,SELL,SELL,0.431
2024-04-30 11:50:00,SELL,SELL,0.711
2024-04-30 11:55:00,SELL,SELL,0.48
2024-04-30 12:00:00,SELL,BUY,0.814
2024-04-30 12:05:00,HOLD,HOLD,0.761
2024-04-30 12:10:00,SELL,SELL,0.424
2024-04-30 12:15:00,SELL,SELL,0.557
2024-04-30 12:20:00,SELL,SELL,0.794
2024-04-30 12:25:00,SELL,SELL,0.818
2024-04-30 12:30:00,SELL,HOLD,0.782
2024-04-30 12:35:00,SELL,SELL,0.476
2024-04-30 12:40:00,SELL,SELL,0.845
2024-04-30 12:45:00,SELL,SELL,0.987
2024-04-30 12:50:00,SELL,SELL,0.622
2024-04-30 12:55:00,SELL,SELL,0.515
2024-04-30 13:00:00,SELL,SELL,0.89
2024-04-30 13:05:00,SELL,SELL,0.724
2024-04-30 13:10:00,HOLD,HOLD,0.434
2024-04-30 13:15:00,HOLD,HOLD,0.513
2024-04-30 13:20:00,HOLD,HOLD,0.502
2024-04-30 13:25:00,HOLD,HOLD,0.869
2024-04-30 13:30:00,HOLD,HOLD,0.85
2024-04-30 13:35:00,HOLD,BUY,0.921
2024-04-30 13:40:00,SELL,HOLD,0.515
2024-04-30 13:45:00,SELL,SELL,0.7
2024-04-30 13:50:00,SELL,SELL,0.764
2024-04-30 13:55:00,HOLD,HOLD,0.832
2024-04-30 14:00:00,HOLD,HOLD,0.919
2024-04-30 14:05:00,HOLD,HOLD,0.616
2024-04-30 14:10:00,SELL,SELL,0.435
2024-04-30 14:15:00,SELL,SELL,0.69
2024-04-30 14:20:00,SELL,HOLD,0.796
2024-04-30 14:25:00,SELL,SELL,0.493
2024-04-30 14:30:00,SELL,SELL,0.726
2024-04-30 14:35:00,SELL,BUY,0.578
2024-04-30 14:40:00,SELL,SELL,0.873
2024-04-30 14:45:00,HOLD,HOLD,0.764
2024-04-30 14:50:00,HOLD,BUY,0.746
2024-04-30 14:55:00,SELL,SELL,0.429
2024-04-30 15:00:00,HOLD,HOLD,0.464
2024-04-30 15:05:00,BUY,BUY,0.687
2024-04-30 15:10:00,BUY,SELL,0.727
2024-04-30 15:15:00,BUY,HOLD,0.632
2024-04-30 15:20:00,BUY,BUY,0.537
2024-04-30 15:25:00,BUY,BUY,0.483
2024-05-01 09:15:00,HOLD,HOLD,0.494
2024-05-01 09:20:00,HOLD,HOLD,0.746
2024-05-01 09:25:00,SELL,HOLD,0.726
2024-05-01 09:30:00,SELL,SELL,0.639
2024-05-01 09:35:00,SELL,HOLD,0.811
2024-05-01 09:40:00,SELL,HOLD,0.86
2024-05-01 09:45:00,SELL,BUY,0.916
2024-05-01 09:50:00,SELL,SELL,0.744
2024-05-01 09:55:00,SELL,HOLD,0.838
2024-05-01 10:00:00,HOLD,HOLD,0.925
2024-05-01 10:05:00,SELL,SELL,0.704
2024-05-01 10:10:00,SELL,SELL,0.859
2024-05-01 10:15:00,SELL,SELL,0.599
2024-05-01 10:20:00,SELL,SELL,0.536
2024-05-01 10:25:00,SELL,SELL,0.922
2024-05-01 10:30:00,SELL,SELL,0.854
2024-05-01 10:35:00,SELL,SELL,0.696
2024-05-01 10:40:00,HOLD,HOLD,0.845
2024-05-01 10:45:00,HOLD,HOLD,0.888
2024-05-01 10:50:00,SELL,SELL,0.741
2024-05-01 10:55:00,HOLD,HOLD,0.868
2024-05-01 11:00:00,BUY,HOLD,0.438
2024-05-01 11:05:00,BUY,SELL,0.954
2024-05-01 11:10:00,BUY,BUY,0.918
2024-05-01 11:15:00,HOLD,HOLD,0.806
2024-05-01 11:20:00,HOLD,BUY,0.92
2024-05-01 11:25:00,SELL,HOLD,0.693
2024-05-01 11:30:00,SELL,HOLD,0.712
2024-05-01 11:35:00,SELL,SELL,0.424
2024-05-01 11:40:00,SELL,HOLD,0.426
2024-05-01 11:45:00,SELL,SELL,0.641
2024-05-01 11:50:00,SELL,SELL,0.635
2024-05-01 11:55:00,SELL,SELL,0.962
2024-05-01 12:00:00,SELL,SELL,0.927
2024-05-01 12:05:00,SELL,SELL,0.563
2024-05-01 12:10:00,SELL,SELL,0.682
2024-05-01 12:15:00,SELL,BUY,0.597
2024-05-01 12:20:00,SELL,SELL,0.773
2024-05-01 12:25:00,SELL,HOLD,0.807
2024-05-01 12:30:00,SELL,HOLD,0.467
2024-05-01 12:35:00,SELL,HOLD,0.565
2024-05-01 12:40:00,HOLD,HOLD,0.539
2024-05-01 12:45:00,HOLD,HOLD,0.708
2024-05-01 12:50:00,HOLD,HOLD,0.626
2024-05-01 12:55:00,HOLD,HOLD,0.681
2024-05-01 13:00:00,HOLD,HOLD,0.586
2024-05-01 13:05:00,SELL,HOLD,0.53
2024-05-01 13:10:00,SELL,SELL,0.602
2024-05-01 13:15:00,HOLD,HOLD,0.442
2024-05-01 13:20:00,HOLD,HOLD,0.715
2024-05-01 13:25:00,HOLD,SELL,0.542
2024-05-01 13:30:00,HOLD,HOLD,0.784
2024-05-01 13:35:00,BUY,SELL,0.872
2024-05-01 13:40:00,BUY,BUY,0.488
2024-05-01 13:45:00,BUY,BUY,0.61
2024-05-01 13:50:00,BUY,BUY,0.813
2024-05-01 13:55:00,BUY,HOLD,0.551
2024-05-01 14:00:00,BUY,BUY,0.946
2024-05-01 14:05:00,BUY,BUY,0.575
2024-05-01 14:10:00,BUY,BUY,0.789
2024-05-01 14:15:00,BUY,BUY,0.727
2024-05-01 14:20:00,BUY,BUY,0.942
2024-05-01 14:25:00,BUY,BUY,0.871
2024-05-01 14:30:00,BUY,BUY,0.851
2024-05-01 14:35:00,HOLD,HOLD,0.445
2024-05-01 14:40:00,HOLD,HOLD,0.543
2024-05-01 14:45:00,BUY,BUY,0.975
2024-05-01 14:50:00,BUY,BUY,0.495
2024-05-01 14:55:00,HOLD,HOLD,0.865
2024-05-01 15:00:00,HOLD,SELL,0.987
2024-05-01 15:05:00,BUY,BUY,0.513
2024-05-01 15:10:00,HOLD,HOLD,0.981
2024-05-01 15:15:00,HOLD,HOLD,0.888
2024-05-01 15:20:00,SELL,BUY,0.422
2024-05-01 15:25:00,HOLD,HOLD,0.46
2024-05-02 09:15:00,HOLD,HOLD,0.461
2024-05-02 09:20:00,HOLD,BUY,0.542
2024-05-02 09:25:00,HOLD,HOLD,0.436
2024-05-02 09:30:00,HOLD,HOLD,0.512
2024-05-02 09:35:00,BUY,BUY,0.898
2024-05-02 09:40:00,BUY,BUY,0.922
2024-05-02 09:45:00,BUY,BUY,0.797
2024-05-02 09:50:00,HOLD,HOLD,0.675
2024-05-02 09:55:00,BUY,BUY,0.806
2024-05-02 10:00:00,BUY,BUY,0.837
2024-05-02 10:05:00,BUY,BUY,0.716
2024-05-02 10:10:00,BUY,BUY,0.456
2024-05-02 10:15:00,BUY,BUY,0.423
2024-05-02 10:20:00,BUY,BUY,0.521
2024-05-02 10:25:00,BUY,BUY,0.562
2024-05-02 10:30:00,BUY,BUY,0.953
2024-05-02 10:35:00,BUY,BUY,0.815
2024-05-02 10:40:00,BUY,BUY,0.781
2024-05-02 10:45:00,BUY,HOLD,0.727
2024-05-02 10:50:00,BUY,SELL,0.867
2024-05-02 10:55:00,BUY,BUY,0.727
2024-05-02 11:00:00,BUY,BUY,0.988
2024-05-02 11:05:00,BUY,BUY,0.939
2024-05-02 11:10:00,BUY,BUY,0.557
2024-05-02 11:15:00,HOLD,HOLD,0.785
2024-05-02 11:20:00,HOLD,BUY,0.772
2024-05-02 11:25:00,HOLD,HOLD,0.977
2024-05-02 11:30:00,BUY,BUY,0.829
2024-05-02 11:35:00,BUY,BUY,0.958
2024-05-02 11:40:00,BUY,BUY,0.68
2024-05-02 11:45:00,BUY,BUY,0.822
2024-05-02 11:50:00,BUY,BUY,0.445
2024-05-02 11:55:00,BUY,BUY,0.637
2024-05-02 12:00:00,BUY,BUY,0.623
2024-05-02 12:05:00,BUY,BUY,0.941
2024-05-02 12:10:00,BUY,HOLD,0.632
2024-05-02 12:15:00,BUY,BUY,0.862
2024-05-02 12:20:00,BUY,BUY,0.5
2024-05-02 12:25:00,BUY,BUY,0.684
2024-05-02 12:30:00,BUY,BUY,0.665
2024-05-02 12:35:00,BUY,HOLD,0.555
2024-05-02 12:40:00,HOLD,HOLD,0.603
2024-05-02 12:45:00,HOLD,HOLD,0.426
2024-05-02 12:50:00,BUY,BUY,0.775
2024-05-02 12:55:00,HOLD,SELL,0.974
2024-05-02 13:00:00,BUY,BUY,0.583
2024-05-02 13:05:00,BUY,BUY,0.599
2024-05-02 13:10:00,BUY,BUY,0.519
2024-05-02 13:15:00,BUY,BUY,0.947
2024-05-02 13:20:00,BUY,BUY,0.967
2024-05-02 13:25:00,BUY,BUY,0.538
2024-05-02 13:30:00,BUY,SELL,0.933
2024-05-02 13:35:00,BUY,BUY,0.787
2024-05-02 13:40:00,BUY,BUY,0.683
2024-05-02 13:45:00,BUY,BUY,0.871
2024-05-02 13:50:00,BUY,BUY,0.825
2024-05-02 13:55:00,HOLD,HOLD,0.851
2024-05-02 14:00:00,HOLD,HOLD,0.552
2024-05-02 14:05:00,HOLD,HOLD,0.514
2024-05-02 14:10:00,HOLD,SELL,0.913
2024-05-02 14:15:00,SELL,SELL,0.5
2024-05-02 14:20:00,SELL,HOLD,0.839
2024-05-02 14:25:00,HOLD,HOLD,0.67
2024-05-02 14:30:00,SELL,HOLD,0.803
2024-05-02 14:35:00,SELL,HOLD,0.712
2024-05-02 14:40:00,SELL,HOLD,0.965
2024-05-02 14:45:00,SELL,HOLD,0.869
2024-05-02 14:50:00,HOLD,HOLD,0.929
2024-05-02 14:55:00,HOLD,HOLD,0.427
2024-05-02 15:00:00,HOLD,HOLD,0.785
2024-05-02 15:05:00,HOLD,HOLD,0.47
2024-05-02 15:10:00,HOLD,HOLD,0.579
2024-05-02 15:15:00,HOLD,HOLD,0.952
2024-05-02 15:20:00,BUY,BUY,0.835
2024-05-02 15:25:00,BUY,BUY,0.852
2024-05-03 09:15:00,BUY,BUY,0.658
2024-05-03 09:20:00,BUY,HOLD,0.93
2024-05-03 09:25:00,BUY,SELL,0.776
2024-05-03 09:30:00,BUY,BUY,0.837
2024-05-03 09:35:00,BUY,BUY,0.489
2024-05-03 09:40:00,BUY,BUY,0.43
2024-05-03 09:45:00,BUY,BUY,0.894
2024-05-03 09:50:00,BUY,BUY,0.692
2024-05-03 09:55:00,BUY,SELL,0.836
2024-05-03 10:00:00,BUY,BUY,0.722
2024-05-03 10:05:00,BUY,BUY,0.599
2024-05-03 10:10:00,BUY,BUY,0.511
2024-05-03 10:15:00,BUY,BUY,0.918
2024-05-03 10:20:00,BUY,BUY,0.54
2024-05-03 10:25:00,BUY,HOLD,0.421
2024-05-03 10:30:00,BUY,BUY,0.641
2024-05-03 10:35:00,BUY,BUY,0.73
2024-05-03 10:40:00,BUY,SELL,0.857
2024-05-03 10:45:00,BUY,HOLD,0.508
2024-05-03 10:50:00,BUY,BUY,0.716
2024-05-03 10:55:00,BUY,HOLD,0.593
2024-05-03 11:00:00,BUY,BUY,0.467
2024-05-03 11:05:00,HOLD,HOLD,0.863
2024-05-03 11:10:00,HOLD,HOLD,0.668
2024-05-03 11:15:00,HOLD,HOLD,0.851
2024-05-03 11:20:00,HOLD,HOLD,0.631
2024-05-03 11:25:00,SELL,SELL,0.989
2024-05-03 11:30:00,SELL,SELL,0.566
2024-05-03 11:35:00,HOLD,HOLD,0.541
2024-05-03 11:40:00,SELL,SELL,0.868
2024-05-03 11:45:00,HOLD,HOLD,0.747
2024-05-03 11:50:00,HOLD,HOLD,0.534
2024-05-03 11:55:00,HOLD,HOLD,0.677
2024-05-03 12:00:00,HOLD,HOLD,0.762
2024-05-03 12:05:00,SELL,BUY,0.75
2024-05-03 12:10:00,HOLD,HOLD,0.425
2024-05-03 12:15:00,SELL,SELL,0.96
2024-05-03 12:20:00,SELL,BUY,0.826
2024-05-03 12:25:00,HOLD,HOLD,0.988
2024-05-03 12:30:00,BUY,BUY,0.772
2024-05-03 12:35:00,BUY,BUY,0.555
2024-05-03 12:40:00,BUY,BUY,0.632
2024-05-03 12:45:00,BUY,BUY,0.912
2024-05-03 12:50:00,BUY,BUY,0.823
2024-05-03 12:55:00,BUY,BUY,0.611
2024-05-03 13:00:00,BUY,BUY,0.879
2024-05-03 13:05:00,BUY,BUY,0.775
2024-05-03 13:10:00,BUY,BUY,0.672
2024-05-03 13:15:00,BUY,BUY,0.541
2024-05-03 13:20:00,BUY,BUY,0.576
2024-05-03 13:25:00,BUY,BUY,0.679
2024-05-03 13:30:00,BUY,BUY,0.816
2024-05-03 13:35:00,BUY,BUY,0.754
2024-05-03 13:40:00,BUY,BUY,0.576
2024-05-03 13:45:00,BUY,HOLD,0.983
2024-05-03 13:50:00,BUY,HOLD,0.52
2024-05-03 13:55:00,BUY,BUY,0.651
2024-05-03 14:00:00,BUY,BUY,0.464
2024-05-03 14:05:00,BUY,BUY,0.676
2024-05-03 14:10:00,BUY,BUY,0.732
2024-05-03 14:15:00,BUY,BUY,0.74
2024-05-03 14:20:00,BUY,BUY,0.766
2024-05-03 14:25:00,BUY,BUY,0.492
2024-05-03 14:30:00,BUY,BUY,0.842
2024-05-03 14:35:00,HOLD,HOLD,0.682
2024-05-03 14:40:00,HOLD,HOLD,0.899
2024-05-03 14:45:00,BUY,BUY,0.942
2024-05-03 14:50:00,HOLD,HOLD,0.942
2024-05-03 14:55:00,HOLD,HOLD,0.928
